model,industry,comparison,n,delta_rank_ic,delta_rank_icir,delta_ic_positive_fraction,delta_ic_positive_month_fraction,delta_ic_lag1_autocorr,delta_net_cagr,delta_gross_cagr,delta_excess_cagr,delta_gross_excess_cagr,delta_cost_drag_excess,delta_sharpe,delta_max_drawdown,delta_turnover_two_sided_daily_mean,delta_factor_count,delta_total_tokens,delta_tracking_error,delta_active_return_ir,delta_relative_nav_max_drawdown,delta_positive_active_month_fraction,delta_test_signal_asset_count_median,delta_cost_impact,rank_ic_positive_pairs,rank_ic_min,rank_ic_max,net_cagr_positive_pairs,net_cagr_min,net_cagr_max,gross_excess_cagr_positive_pairs,gross_excess_cagr_min,gross_excess_cagr_max,sharpe_positive_pairs,sharpe_min,sharpe_max,active_return_ir_positive_pairs,active_return_ir_min,active_return_ir_max
glm,ALL,M1-M0,3,-0.013690470963375488,-0.16269308559615567,-0.0672268907563025,-0.11111111111111112,0.002245347972627728,-0.031430534319441615,-0.028755898160888343,-0.031430534319441615,-0.028755898160888343,0.002674636158553271,-0.13252764080434817,-0.016135196787703626,0.018053094161433286,-1.6666666666666667,23571.666666666668,0.012362307024386773,-0.7649856881981686,-0.017533051871233846,-0.08333333333333331,2.5,-0.002674636158553271,0,-0.028231411147542816,-0.0015256972835794788,1,-0.0664887807679585,0.003456617639719939,1,-0.06447663694296646,0.005361553894745907,1,-0.3467244830105819,0.04869031395998302,1,-1.5703990726168031,0.130068014049164
glm,ALL,M2-M1,3,0.0026105833144514346,0.05287599130939585,0.02521008403361343,0.02777777777777779,0.01632744248417972,0.013112109925508856,0.01023726070655965,0.013112109925508856,0.01023726070655965,-0.0028748492189492048,0.025695415148096812,0.004586237791886901,-0.01523940096696555,1.0,22871.333333333332,-0.011069877339755745,0.25135129130096917,0.007508906808439815,0.055555555555555546,-0.8333333333333334,0.0028748492189492048,2,-0.018015267001418978,0.017805935526473478,2,-0.037335060328939074,0.055993583983916184,2,-0.033982469267322735,0.04831422899817173,2,-0.2771151343501953,0.2719952353100269,2,-1.042440690501104,1.273037500712186
glm,ALL,M3-M2,3,0.00635098409068562,0.02887332784665364,0.011204481792717122,0.11111111111111109,-0.003606483841522401,0.02957733354138407,0.02661544972132897,0.02957733354138407,0.02661544972132897,-0.0029618838200550965,0.19886353839309043,0.007138909737902026,-0.01806433000096921,0.3333333333333333,25650.0,0.002517955792528665,0.7869272679916003,0.007263556662371736,0.05555555555555556,-0.3333333333333333,0.0029618838200550965,2,-0.011414651663271921,0.01867055451015122,3,0.0012077814323487868,0.05079668430951889,2,-0.0021007085728032004,0.041115803334545786,3,0.04214673634189803,0.3318384612288843,3,0.009007304782523207,1.3526962429207343
glm,ALL,M3-M1,3,0.008961567405137054,0.0817493191560495,0.03641456582633055,0.13888888888888887,0.01272095864265732,0.04268944346689293,0.036852710427888624,0.04268944346689293,0.036852710427888624,-0.005836733039004301,0.22455895354118724,0.011725147529788926,-0.03330373096793476,1.3333333333333333,48521.333333333336,-0.00855192154722708,1.0382785592925694,0.01477246347081155,0.1111111111111111,-1.1666666666666667,0.005836733039004301,3,0.0006552875087322413,0.019838130843477367,3,0.013461623980579818,0.05740534100383399,3,0.007133334067223052,0.057211276791074295,3,0.05472332687868897,0.3141419716519249,3,0.31025555241963026,1.5225353199633687
glm,ALL,M3-M0,3,-0.004728903558238434,-0.08094376644010619,-0.030812324929971952,0.027777777777777752,0.014966306615285049,0.011258909147451313,0.008096812267000283,0.011258909147451313,0.008096812267000283,-0.00316209688045103,0.09203131273683907,-0.004410049257914698,-0.015250636806501475,-0.3333333333333333,72093.0,0.003810385477159693,0.27329287109440076,-0.002760588400422296,0.02777777777777779,1.3333333333333333,0.00316209688045103,1,-0.02184012728434126,0.018312433559897888,1,-0.01779781584950646,0.060861958643553926,1,-0.020019277367221422,0.0625728306858202,1,-0.04482542648375665,0.3535018760529308,1,-0.5443704536072365,1.6526033340125328
glm,C26,M1-M0,3,-0.010867515822136664,-0.0952173194503756,-0.07843137254901959,-0.027777777777777752,0.0388002734182518,0.056829746772654656,0.05040941305457177,0.056829746772654656,0.05040941305457177,-0.0064203337180828894,0.3044171035775858,0.03348964510615685,-0.038735650096875164,-0.6666666666666666,22999.333333333332,-0.001343688264372973,1.0189765184631145,0.0247332676783721,0.13888888888888892,0.0,0.0064203337180828894,1,-0.0282989811523829,0.0028392386008200404,2,-0.015178949503523498,0.15729523106175824,2,-0.021557956157418623,0.13707463250183016,2,-0.0838955287922567,0.8277545478703837,2,-0.30672421985411447,2.81377540815522
glm,C26,M2-M1,3,-0.005343463288408881,-0.04879967162751562,0.009803921568627416,-0.02777777777777779,0.012904176283463631,-0.0494337285174458,-0.05461213230896067,-0.0494337285174458,-0.05461213230896067,-0.00517840379151487,-0.2614396259697301,-0.027716603691849768,-0.01837572983398779,0.0,22352.333333333332,0.006730408868845114,-0.896024717858119,-0.03730651191859454,-0.19444444444444445,-1.6666666666666667,0.00517840379151487,1,-0.009684678023696085,0.0024389696698880713,0,-0.05911660781832695,-0.03182479898761681,0,-0.06988348262228061,-0.0414959793712667,0,-0.37177557621728974,-0.09895907937213777,0,-1.1244042818471383,-0.5303560724701768
glm,C26,M3-M2,3,-0.0015371096636000229,0.010977211166876175,0.018207282913165274,-0.13888888888888892,-0.03821752081895228,-0.012130732122125343,-0.006556243293953212,-0.012130732122125343,-0.006556243293953212,0.0055744888281721305,-0.11143664894324105,0.0008835757175454928,0.028764294891445958,0.6666666666666666,27232.333333333332,-0.007357781447378873,-0.2914921164309154,0.01734741329567983,0.02777777777777779,1.6666666666666667,-0.0055744888281721305,1,-0.006727052315465443,0.008142447960552558,1,-0.04994026547953079,0.03709406545104077,1,-0.054167159644472274,0.04639501547108116,1,-0.3563652968260934,0.2865137279187502,1,-0.9969697183468799,0.6549319862812573
glm,C26,M3-M1,3,-0.006880572952008904,-0.037822460460639445,0.02801120448179269,-0.1666666666666667,-0.02531334453548865,-0.06156446063957114,-0.06116837560291388,-0.06156446063957114,-0.06116837560291388,0.0003960850366572603,-0.3728762749129711,-0.026833027974304275,0.01038856505745817,0.6666666666666666,49584.666666666664,-0.0006273725785337589,-1.187516834289034,-0.01995909862291471,-0.16666666666666666,0.0,-0.0003960850366572603,1,-0.01571140265958327,0.01058141763044063,0,-0.10905687329785774,-0.020265713295352872,0,-0.10662409457780697,-0.023488467151199455,0,-0.6699495191458561,-0.08526184829853956,0,-2.121374000194018,-0.37838181297578444
glm,C26,M3-M0,3,-0.01774808877414557,-0.13303977991101504,-0.0504201680672269,-0.19444444444444445,0.01348692888276315,-0.0047347138669164845,-0.010758962548342113,-0.0047347138669164845,-0.010758962548342113,-0.00602424868142563,-0.06845917133538533,0.006656617131852578,-0.028347085039417002,0.0,72584.0,-0.001971060842906732,-0.1685403158259197,0.004774169055457393,-0.027777777777777752,0.0,0.00602424868142563,1,-0.043810714979266974,0.003438612715593495,2,-0.07054974482902632,0.04823835776390051,2,-0.07495052123715384,0.03045053792402319,2,-0.4473129860867744,0.15780502872452762,2,-1.3695189095514144,0.6924014079612019
glm,C35,M1-M0,3,-0.00704736938712721,-0.03529629897447827,0.0014005602240896309,-0.02777777777777779,0.007445840070605521,0.0012859846625549176,-0.003079154391810094,0.0012859846625549176,-0.003079154391810094,-0.004365139054365012,-0.050112741595755406,0.0020403066432120864,-0.019958795815192432,-2.0,23827.333333333332,-0.003078807807291579,0.007603005176135491,-0.00990392015844288,-0.02777777777777779,-1.0,0.004365139054365012,0,-0.019776395278022725,-2.2373909485486065e-05,2,-0.02900730709514754,0.021382246745792033,2,-0.029211581597229586,0.018657852920913043,1,-0.174823182715667,0.029002753021020178,2,-0.5407716000945355,0.34934839432848014
glm,C35,M2-M1,3,0.006006580898556979,0.05498769741169616,0.04061624649859944,0.08333333333333337,-0.019386976586654708,0.004409004264579575,0.00675182954801401,0.004409004264579575,0.00675182954801401,0.0023428252834344354,-0.07274701059258544,0.008884499883675753,0.009338827736728783,0.6666666666666666,22429.666666666668,-0.005578163854849633,0.06338492643537652,0.007959198110213431,0.027777777777777752,2.3333333333333335,-0.0023428252834344354,2,-0.003715742242959716,0.01601225296715634,1,-0.03039424559010817,0.0549888948188606,1,-0.03219632027264474,0.061720801389865465,1,-0.47298180449510197,0.2630664433685944,1,-0.6229407874017998,1.0369853103471816
glm,C35,M3-M2,3,-0.005036901590896592,-0.03681875853766601,-0.026610644257703098,-0.05555555555555558,0.006997143930601764,-0.005262807166739399,-0.007259646835303779,-0.005262807166739399,-0.007259646835303779,-0.00199683966856438,0.019565077024914723,-0.006170416034353125,-0.006839893248993627,4.666666666666667,28167.666666666668,-0.0023275961953161234,-0.07909314502207092,0.005091241242794735,-0.055555555555555525,0.0,0.00199683966856438,1,-0.023678522441095654,0.014751589551773296,2,-0.05092761136789137,0.02282440292800847,2,-0.047828450962260516,0.013267551997876104,2,-0.2914808468411657,0.2894866019394886,2,-1.0578228136299213,0.4803548316551205
glm,C35,M3-M1,3,0.0009696793076603866,0.01816893887403015,0.014005602240896345,0.02777777777777779,-0.012389832656052943,-0.0008538029021598245,-0.000507817287289769,-0.0008538029021598245,-0.000507817287289769,0.00034598561487005536,-0.053181933567670724,0.0027140838493226274,0.002498934487735157,5.333333333333333,50597.333333333336,-0.007905760050165756,-0.015708218586694394,0.013050439353008167,-0.027777777777777773,2.3333333333333335,-0.00034598561487005536,1,-0.01795529046962134,0.030763842518929635,1,-0.062295247802905074,0.07781329774686907,1,-0.05709744343543921,0.07450275984833854,1,-0.2998065174924145,0.3237559193450157,1,-1.2817125572691734,1.517340142002302
glm,C35,M3-M0,3,-0.006077690079466823,-0.01712736010044812,0.015406162464985976,0.0,-0.004943992585447421,0.0004321817603950932,-0.003586971679099863,0.0004321817603950932,-0.003586971679099863,-0.004019153439494956,-0.10329467516342612,0.004754390492534714,-0.017459861327457277,3.3333333333333335,74424.66666666667,-0.010984567857457335,-0.008105213410558901,0.0031465191945652857,-0.05555555555555556,1.3333333333333333,0.004019153439494956,1,-0.01929862944349476,0.01098744724090691,2,-0.050812233465884815,0.04880599065172153,1,-0.05578117793455295,0.045291178251108954,1,-0.3043243125850339,0.1489327366293487,2,-1.0674803359747116,0.9765685419077665
glm,C39,M1-M0,3,0.008108089857687241,0.06529449184128815,0.037815126050420145,0.027777777777777752,0.037450197979610945,0.006348212217026712,-0.0006256587988691479,0.006348212217026712,-0.0006256587988691479,-0.0069738710158958606,0.022132956680718463,0.011502010773622154,-0.029610325386304093,0.6666666666666666,23350.666666666668,-0.001034657905781627,0.11392788024866536,0.020511769826839926,-0.08333333333333331,-0.6666666666666666,0.0069738710158958606,2,-0.009938560782687081,0.02563454808627258,2,-0.033045024265121126,0.03588416808184136,2,-0.05536667258874828,0.04325077543449296,2,-0.18595454664048672,0.1762906913931196,2,-0.5547724638264327,0.6474684567688689
glm,C39,M2-M1,3,-0.01885870111448816,-0.12862163638104088,-0.07282913165266104,-0.027777777777777752,-0.05996607099566983,-0.0009493636831682251,0.008807825691900714,-0.0009493636831682251,0.008807825691900714,0.009757189375068939,0.055477192398721654,-0.00849616472515613,0.04319162165599708,-1.0,23142.0,0.0035368956438005966,0.04727831061208206,0.006669906846486939,0.02777777777777779,0.3333333333333333,-0.009757189375068939,1,-0.052270147346968776,0.0008578681242233099,1,-0.03854815253385724,0.05626153540873535,1,-0.03438515055028113,0.06485397634630186,1,-0.14059000112521114,0.3476913231170522,1,-0.6264112575199532,1.0270462869976342
glm,C39,M3-M2,3,0.0022460208077279224,0.0054334310469781695,0.014005602240896364,-0.02777777777777779,0.06746563333268367,0.0015657222002169273,-0.012150994729767698,0.0015657222002169273,-0.012150994729767698,-0.013716716929984626,-0.018508210277548082,-0.004676831228455858,-0.06206422907994776,2.0,25609.666666666668,0.0008020662334215269,0.036534253222919665,-0.0124085271201263,-1.850371707708594e-17,-9.5,0.013716716929984626,1,-0.00725883550585176,0.019025609040256183,1,-0.0358252989327259,0.05715066515847933,1,-0.05910916339526018,0.043759275346215376,1,-0.22412481371298343,0.2787385663479356,1,-0.6121541895556015,1.0302323993954698
glm,C39,M3-M1,3,-0.016612680306760236,-0.1231882053340627,-0.058823529411764684,-0.055555555555555546,0.007499562337013839,0.0006163585170487021,-0.003343169037866985,0.0006163585170487021,-0.003343169037866985,-0.003959527554915687,0.036968982121173576,-0.013172995953611988,-0.018872607423950676,1.0,48751.666666666664,0.004338961877222124,0.08381256383500178,-0.005738620273639361,0.027777777777777773,-9.166666666666666,0.003959527554915687,0,-0.03324453830671259,-0.004170842986997346,2,-0.05638677285710869,0.039633335783632706,2,-0.06315451211557876,0.04375088020604356,2,-0.2647945585086595,0.23755293964945579,2,-0.8709542871970364,0.718570836826525
glm,C39,M3-M0,3,-0.008504590449072999,-0.05789371349277456,-0.021008403361344536,-0.02777777777777779,0.04494976031662479,0.006964570734075415,-0.003968827836736133,0.006964570734075415,-0.003968827836736133,-0.010933398570811548,0.05910193880189204,-0.001670985179989833,-0.048482932810254765,1.6666666666666667,72102.33333333333,0.003304303971440497,0.1977404440836671,0.014773149553200563,-0.055555555555555546,-9.833333333333334,0.010933398570811548,1,-0.022361220409257858,0.004457439282478878,2,-0.08943179712222982,0.05583882861799261,2,-0.11852118470432704,0.05398980096369144,2,-0.45074910514914623,0.31443925661584404,2,-1.4257267510234692,1.0512895986443855
deepseek,ALL,M1-M0,3,-0.01627008087755633,-0.15532103077628154,-0.06302521008403361,-0.13888888888888887,0.013647515160541671,0.004556426095187767,0.004204838909443713,0.004556426095187767,0.004204838909443713,-0.00035158718574405484,0.055634294171385025,-8.967936773207619e-05,-0.0035001328270009755,-1.3333333333333333,24149.0,0.004171807190518882,0.14647737015719017,0.002458271422519013,-0.02777777777777779,2.0,0.00035158718574405484,0,-0.018197331093945335,-0.01385306105935482,2,-0.012680357613657045,0.022839460190050453,2,-0.01681578573284359,0.02580675223603135,3,0.01726117227488677,0.10729514731840395,2,-0.0927864235361332,0.48795975406326353
deepseek,ALL,M2-M1,3,0.003210366587225797,0.025730283039549457,-0.007002801120448154,-0.055555555555555546,-0.0020174284892761443,-0.0076448255248287396,-0.007637670306576101,-0.0076448255248287396,-0.007637670306576101,7.1552182526376145e-06,-0.09968056593527908,-0.0035091146633018377,0.0030792711228107097,-0.3333333333333333,22992.0,-0.007270378845578076,-0.2090281825119663,-0.0030570449308146377,0.027777777777777752,-1.0,-7.1552182526376145e-06,2,-0.000363689595542456,0.0052568056493604645,2,-0.043360613950216176,0.015594138351258113,2,-0.04430089724866537,0.01788680211132765,0,-0.22475232644028809,-0.019252611658515106,2,-0.9773349986489238,0.25736516439895873
deepseek,ALL,M3-M2,3,0.014660563985338819,0.19101216894806186,0.10364145658263306,0.2222222222222222,-0.009469243470373367,0.03825024228481725,0.038835380776830276,0.03825024228481725,0.038835380776830276,0.0005851384920130265,0.1902903593092513,0.02359042633422992,-0.005934539533887183,1.6666666666666667,27938.666666666668,-0.004800466782793063,0.9790917690310966,0.022710212831586623,0.16666666666666666,-84.16666666666667,-0.0005851384920130265,3,0.006911551843976703,0.026187402254342726,3,0.02487041258678413,0.06060325838808156,3,0.023295395070795588,0.05709896541090087,3,0.14445516362290967,0.26971162405104987,3,0.6538015980920308,1.440542578724653
deepseek,ALL,M3-M1,3,0.017870930572564617,0.2167424519876113,0.0966386554621849,0.16666666666666666,-0.011486671959649511,0.030605416759988513,0.031197710470254176,0.030605416759988513,0.031197710470254176,0.0005922937102656641,0.09060979337397224,0.02008131167092808,-0.0028552684110764726,1.3333333333333333,50930.666666666664,-0.012070845628371138,0.7700635865191304,0.019653167900771984,0.19444444444444442,-85.16666666666667,-0.0005922937102656641,3,0.011649535551836086,0.02582371265880027,3,0.017242644437865384,0.04046455093804224,3,0.012798068162235499,0.04118219718212324,3,0.044959297610761784,0.12520255196439456,3,0.4632075800757294,1.1002962946755648
deepseek,ALL,M3-M0,3,0.001600849695008286,0.061421421211329784,0.03361344537815129,0.02777777777777779,0.0021608432008921596,0.03516184285517628,0.03540254937969789,0.03516184285517628,0.03540254937969789,0.00024070652452160926,0.14624408754535725,0.019991632303196005,-0.006355401238077448,0.0,75079.66666666667,-0.007899038437852257,0.9165409566763204,0.022111439323290998,0.16666666666666666,-83.16666666666667,-0.00024070652452160926,1,-0.0065477955421092485,0.01197065159944545,3,0.027784193324385198,0.04008210462791584,3,0.024366411449279646,0.043236416291547175,3,0.11892870282164714,0.16754911488525892,3,0.6539004612699637,1.1445550746200048
deepseek,C26,M1-M0,3,-0.014277536469877039,-0.07068189251094023,-0.04201680672268907,0.055555555555555546,-0.012873131891024495,0.028968603422487787,0.024818213494563774,0.028968603422487787,0.024818213494563774,-0.00415038992792401,0.09542212880186962,0.017502213130776528,-0.023881242675606092,-1.6666666666666667,25677.333333333332,-0.007846008895018219,0.34821467186950933,0.016113837261611235,0.05555555555555556,0.0,0.00415038992792401,1,-0.02660887238405462,0.009968555638382247,1,-0.0113557819240091,0.10808889131275012,1,-0.02348655415958667,0.11433685565555318,1,-0.1983548948294157,0.5576719227591783,1,-0.34461885701580774,1.5992229888801848
deepseek,C26,M2-M1,3,0.017596687943831974,0.13858589657149925,0.07142857142857144,0.055555555555555546,-0.010990270058859589,0.016989899728138247,0.020296679811196094,0.016989899728138247,0.020296679811196094,0.0033067800830578475,0.12098954071756685,0.0041701017924342665,0.012891919174313704,-0.3333333333333333,21426.666666666668,-0.003520192602426408,0.30961935264333235,0.015410805775812738,0.027777777777777773,-1.6666666666666667,-0.0033067800830578475,3,0.013141327602114332,0.021283830303279322,2,-0.026081733642365545,0.0401185970647121,2,-0.016404486143279384,0.03886404146872047,2,-0.07549822183745503,0.3445781893192229,2,-0.4226669675398913,0.7744120277288308
deepseek,C26,M3-M2,3,-0.0007652225265917025,-0.00084978544032277,-0.008403361344537822,-0.027777777777777752,0.02178761111750253,0.004758671749746091,0.002386846588917894,0.004758671749746091,0.002386846588917894,-0.002371825160828197,-0.07686841554329442,0.007641107477396769,-0.012721045256765873,0.6666666666666666,36293.666666666664,-0.0022186679884557323,0.01951042998155624,-0.007425216567983561,0.0,1.6666666666666667,0.002371825160828197,1,-0.015750917680815085,0.013940764215647772,2,-0.01535447990238481,0.01712733271422029,2,-0.022365121952356737,0.02759383004094862,1,-0.17682375747230572,0.06165966965096992,2,-0.34373529703645056,0.3034766705496581
deepseek,C26,M3-M1,3,0.01683146541724027,0.13773611113117648,0.06302521008403361,0.02777777777777779,0.01079734105864294,0.021748571477884338,0.02268352640011399,0.021748571477884338,0.02268352640011399,0.0009349549222296508,0.044121125174272434,0.011811209269831036,0.00017087391754783132,0.3333333333333333,57720.333333333336,-0.00573886059088214,0.3291297826248886,0.007985589207829177,0.027777777777777773,0.0,-0.0009349549222296508,3,0.005532912622464237,0.03230567014175004,2,-0.041436213544750355,0.05724592977893239,2,-0.03876960809563612,0.06645787150966909,2,-0.25232197930976075,0.22913703051067547,2,-0.7664022645763419,0.8805896682907157
deepseek,C26,M3-M0,3,0.002553928947363232,0.06705421862023626,0.021008403361344536,0.08333333333333333,-0.0020757908323815557,0.05071717490037212,0.047501739894677764,0.05071717490037212,0.047501739894677764,-0.0032154350056943595,0.13954325397614206,0.029313422400607563,-0.02371036875805826,-1.3333333333333333,83397.66666666667,-0.01358486948590036,0.677344454494398,0.02409942646944041,0.08333333333333333,0.0,0.0032154350056943595,2,-0.021075959761590383,0.022624369125888784,3,0.03960869907819331,0.06665267776799977,3,0.023966654774033813,0.07556724755991706,3,0.03078213568125976,0.30534994344941757,3,0.5285830871444842,0.832820724303843
deepseek,C35,M1-M0,3,-0.0123176331563832,-0.10672178024223251,-0.050420168067226934,-0.16666666666666666,0.041188510502066844,0.03145954246007835,0.028013801678207512,0.03145954246007835,0.028013801678207512,-0.0034457407818708394,0.16055768874531504,0.02772377967409841,-0.025887765186073598,-1.0,24191.0,0.0017066224435220712,0.5691988067809158,0.004518922697390589,0.027777777777777752,1.3333333333333333,0.0034457407818708394,1,-0.035432790817593436,0.0015147510523020602,2,-0.005381024985169125,0.06385745324473413,2,-0.018449675083823225,0.06696076089319858,3,0.023755261139011274,0.2899004651305601,2,-0.08923984604280479,1.179394160635951
deepseek,C35,M2-M1,3,-0.005996084113183787,-0.03645539879050199,-0.008403361344537822,3.700743415417188e-17,-0.005243211668538657,-0.04154319401108486,-0.04487867293397637,-0.04154319401108486,-0.04487867293397637,-0.003335478922891507,-0.2523148479744633,-0.025165375252379312,-0.005165655254092109,-1.0,21278.666666666668,-0.0027466843651760948,-0.7680834607338295,-0.0062840221334559505,-0.02777777777777779,0.6666666666666666,0.003335478922891507,1,-0.030086467034865595,0.013537295657309288,1,-0.11552281716162194,0.010676645964692866,1,-0.12712124632302046,0.0024353969640636963,1,-0.629178375666493,0.016271122021159212,1,-2.2322110022876354,0.34048638114921026
deepseek,C35,M3-M2,3,0.011790031581856967,0.08712328278894388,0.03781512605042018,0.0833333333333333,0.006671544790883314,0.06147400809173176,0.060405564876021854,0.06147400809173176,0.060405564876021854,-0.001068443215709906,0.30821944148656366,0.04017533043301232,-0.019836804916651286,0.0,27032.0,-0.0030194076111913423,1.2417492223822084,0.025024934737154392,0.11111111111111109,-2.0,0.001068443215709906,2,-0.006513629551501053,0.028788609838989558,2,-0.018767589243694816,0.1101562313953427,2,-0.01519820403007155,0.10495724877897383,2,-0.18644294699869468,0.5686081826327521,2,-0.28890011852401987,2.1258610171819012
deepseek,C35,M3-M1,3,0.005793947468673182,0.05066788399844188,0.02941176470588236,0.08333333333333333,0.0014283331223446567,0.019930814080646897,0.015526891942045484,0.019930814080646897,0.015526891942045484,-0.004403922138601413,0.055904593512100385,0.015009955180633009,-0.025002460170743396,-1.0,48310.666666666664,-0.005766091976367437,0.473665761648379,0.01874091260369844,0.0833333333333333,-1.3333333333333333,0.004403922138601413,2,-0.001297857195876037,0.011656033496087348,1,-0.00809094327900195,0.07324997128722188,1,-0.022163997544046632,0.08150748043619094,1,-0.17017182497753547,0.42457089235469614,2,-0.1063499851057339,1.4757610074256804
deepseek,C35,M3-M0,3,-0.006523685687710018,-0.056053896243790646,-0.021008403361344574,-0.08333333333333333,0.0426168436244115,0.05139035654072525,0.043540693620253,0.05139035654072525,0.043540693620253,-0.007849662920472253,0.2164622822574154,0.04273373485473142,-0.050890225356817,-2.0,72501.66666666667,-0.0040594695328453655,1.0428645684292948,0.02325983530108903,0.11111111111111105,0.0,0.007849662920472253,1,-0.023776757321506088,0.008538417158110295,3,0.027811255841668103,0.06786894630205276,3,0.022767512159239334,0.06305780535236771,2,-0.0021544850111617775,0.4483261534937074,3,0.6690283683747915,1.3865211613828756
deepseek,C39,M1-M0,3,-0.030518219255795134,-0.20196211163166097,-0.07002801120448177,-0.08333333333333333,0.015519175032322993,-0.057496987831935874,-0.07354054639867631,-0.057496987831935874,-0.07354054639867631,-0.016043558566740446,-0.3835851842510918,-0.0014132687607827747,-0.05817160418136159,2.3333333333333335,24302.333333333332,0.0005492536074081696,-1.0862921119321485,-0.04557298141711219,-0.16666666666666666,-1.0,0.016043558566740446,0,-0.03672262255621814,-0.026499004463789035,0,-0.06352402192221707,-0.05035935499792399,0,-0.08342371821915928,-0.06787990605862415,0,-0.39881353460687446,-0.3744337403388852,0,-1.1813872313013936,-0.9830614062154662
deepseek,C39,M2-M1,3,-0.004900257609597859,-0.02840593907420601,-0.03221288515406162,0.0,0.0036343592783041703,0.005582135137054818,0.007228732252882342,0.005582135137054818,0.007228732252882342,0.0016465971158275232,-0.04617298869686489,0.01666972011011277,0.006880536591199434,-3.0,23883.333333333332,-0.00325927433562447,0.012148083098432442,0.006749227258621926,1.850371707708594e-17,0.0,-0.0016465971158275232,1,-0.010570874518425958,0.0020848138827538453,1,-0.029908544502607826,0.061872932971989925,1,-0.03484814723890861,0.06620725805981176,1,-0.3236423290102861,0.29712603201388643,1,-0.7180556323918731,1.0822382783145046
deepseek,C39,M3-M2,3,0.011723294542146274,0.07165639656168775,0.04621848739495793,0.027777777777777752,-0.005824986628772104,-0.0008388203137438636,0.002126220588774874,-0.0008388203137438636,0.002126220588774874,0.0029650409025187376,0.04855331633194807,-0.013552363022138877,0.012283054022446846,1.6666666666666667,26812.0,0.0019180355161424814,0.029829472986125222,0.0030278459478520667,-0.05555555555555558,2.6666666666666665,-0.0029650409025187376,3,0.0013352604013716247,0.01908722487277964,2,-0.06119874568678785,0.05247912979089653,2,-0.0607905842703349,0.0536348599755917,2,-0.24542463129883918,0.32556052173737604,2,-0.9904636151323272,0.9847904015390366
deepseek,C39,M3-M1,3,0.006823036932548414,0.04325045748748174,0.014005602240896309,0.027777777777777752,-0.002190627350467933,0.004743314823310955,0.009354952841657216,0.004743314823310955,0.009354952841657216,0.004611638018346261,0.002380327635083187,0.003117357087973893,0.01916359061364628,-1.3333333333333333,50695.333333333336,-0.0013412388194819884,0.041977556084557666,0.009777073206473993,-0.05555555555555556,2.6666666666666665,-0.004611638018346261,2,-0.009235614117054333,0.016832212235041402,2,-0.023705389547948097,0.037261146732678885,2,-0.021313761177840784,0.043961945913335576,2,-0.25811827045297875,0.21355785264318106,2,-0.6228939998402069,0.6570520049117025
deepseek,C39,M3-M0,3,-0.02369518232324672,-0.15871165414417923,-0.05602240896358546,-0.05555555555555558,0.01332854768185506,-0.052753673008624914,-0.0641855935570191,-0.052753673008624914,-0.0641855935570191,-0.011431920548394184,-0.38120485661600867,0.0017040883271911185,-0.039008013567715306,1.0,74997.66666666667,-0.0007919852120738188,-1.0443145558475908,-0.035795908210638196,-0.22222222222222224,1.6666666666666667,0.011431920548394184,0,-0.04595823667327247,-0.011500818512336832,0,-0.08722941147016516,-0.013098208265245104,0,-0.10473747939700007,-0.025356069004909942,0,-0.6569318050598532,-0.16087588769570416,0,-1.8042812311416005,-0.32600940130376377
