model,industry,arm,n,rank_ic,rank_icir,ic_positive_fraction,ic_positive_month_fraction,ic_lag1_autocorr,net_cagr,gross_cagr,excess_cagr,gross_excess_cagr,cost_drag_excess,sharpe,max_drawdown,turnover_two_sided_daily_mean,factor_count,total_tokens,tracking_error,active_return_ir,relative_nav_max_drawdown,positive_active_month_fraction,test_signal_asset_count_median
glm,ALL,M0,3,0.060515651454419915,0.4825623363163136,0.6498599439775911,0.7777777777777778,0.8198113308389835,-0.14360754802739573,-0.1111789470060038,0.012838925225255093,0.04262610936403236,0.029787184138777272,-0.8044989999340378,-0.19436805886587805,0.1480499785282989,8.333333333333334,39012.0,0.04185127847040501,0.44087624278202364,-0.0314264706178223,0.5555555555555555,2915.1666666666665
glm,ALL,M1,3,0.04682518049104442,0.319869250720158,0.5826330532212886,0.6666666666666666,0.8220566788116113,-0.17503808234683735,-0.13993484516689214,-0.018591609094186518,0.013870211203144023,0.032461820297330544,-0.9370266407383859,-0.21050325565358166,0.16610307268973215,6.666666666666667,62583.666666666664,0.05421358549479179,-0.324109445416145,-0.04895952248905614,0.47222222222222227,2917.6666666666665
glm,ALL,M2,3,0.04943576380549586,0.37274524202955384,0.6078431372549019,0.6944444444444445,0.8383841212957909,-0.16192597242132847,-0.1296975844603325,-0.0054794991686776635,0.024107471909703675,0.029586971078381336,-0.9113312255902892,-0.20591701786169478,0.15086367172276663,7.666666666666667,85455.0,0.04314370815503604,-0.07275815411517583,-0.04145061568061633,0.5277777777777778,2916.8333333333335
glm,ALL,M3,3,0.05578674789618148,0.4016185698762074,0.6190476190476191,0.8055555555555555,0.8347776374542685,-0.1323486388799444,-0.10308213473900352,0.024097834372706406,0.05072292163103265,0.02662508725832624,-0.7124676871971989,-0.19877810812379273,0.13279934172179741,8.0,111105.0,0.045661663947564705,0.7141691138764245,-0.03418705901824459,0.5833333333333334,2916.5
glm,C26,M0,3,0.04606403403937564,0.33066935671344233,0.6148459383753501,0.8055555555555555,0.7329793053056018,-0.1812120538312948,-0.1492045108584785,-0.032543817563192246,-0.0030622941407854785,0.02948152342240677,-0.9328382363913615,-0.23164520404846944,0.15488077258294689,4.0,39005.666666666664,0.06327998371575401,-0.5201793314719528,-0.07721404647353632,0.47222222222222227,182.0
glm,C26,M1,3,0.035196518217238966,0.2354520372630667,0.5364145658263305,0.7777777777777778,0.7717795787238537,-0.12438230705864013,-0.09879509780390672,0.024285929209462414,0.04734711891378629,0.023061189704323876,-0.6284211328137758,-0.1981555589423126,0.11614512248607173,3.3333333333333335,62005.0,0.061936295451381025,0.4987971869911616,-0.05248077879516422,0.6111111111111112,182.0
glm,C26,M2,3,0.02985305492883009,0.1866523656355511,0.5462184873949579,0.75,0.7846837550073174,-0.17381603557608594,-0.1534072301128674,-0.025147799307983387,-0.00726501339517438,0.017882785912809007,-0.8898607587835059,-0.22587216263416235,0.09776939265208394,3.3333333333333335,84357.33333333333,0.06866670432022615,-0.39722753086695733,-0.08978729071375875,0.4166666666666667,180.33333333333334
glm,C26,M3,3,0.028315945265230066,0.1976295768024273,0.5644257703081232,0.611111111111111,0.746466234188365,-0.18594676769821128,-0.1599634734068206,-0.03727853143010873,-0.013821256689127592,0.023457274740981138,-1.001297407726747,-0.22498858691661686,0.1265336875435299,4.0,111589.66666666667,0.06130892287284726,-0.6887196472978726,-0.07243987741807893,0.4444444444444445,182.0
glm,C35,M0,3,0.04925513556591896,0.29356976382304684,0.592436974789916,0.6944444444444445,0.7674115901303411,-0.2020879297697493,-0.1653211575697142,0.010508692941059975,0.04488578048060724,0.03437708753954727,-0.955886109870482,-0.23000626856298897,0.17813976318366306,7.333333333333333,39197.666666666664,0.0700690140833246,0.2834608593617114,-0.0527883482673707,0.5833333333333334,158.66666666666666
glm,C35,M1,3,0.04220776617879176,0.25827346484856856,0.5938375350140056,0.6666666666666666,0.7748574302009467,-0.20080194510719437,-0.16840031196152427,0.011794677603614892,0.04180662608879715,0.030011948485182256,-1.0059988514662372,-0.2279659619197769,0.1581809673684706,5.333333333333333,63025.0,0.06699020627603301,0.2910638645378469,-0.06269226842581359,0.5555555555555557,157.66666666666666
glm,C35,M2,3,0.048214347077348736,0.31326116226026474,0.634453781512605,0.75,0.7554704536142918,-0.1963929408426148,-0.16164848241351026,0.01620368186819447,0.04855845563681116,0.032354773768616694,-1.0787458620588228,-0.21908146203610113,0.1675197951051994,6.0,85454.66666666667,0.06141204242118337,0.35444879097322346,-0.05473307031560015,0.5833333333333334,160.0
glm,C35,M3,3,0.04317744548645214,0.2764424037225987,0.6078431372549019,0.6944444444444445,0.7624675975448936,-0.20165574800935418,-0.16890812924881404,0.010940874701455069,0.04129880880150738,0.030357934100052313,-1.059180785033908,-0.22525187807045424,0.16067990185620576,10.666666666666666,113622.33333333333,0.05908444622586725,0.27535564595115253,-0.04964182907280542,0.5277777777777778,160.0
glm,C39,M0,3,0.0320504531285944,0.19868716767842176,0.5476190476190476,0.6111111111111112,0.7386425045941549,-0.1470812364108205,-0.10020695409598186,-0.027827027490237577,0.01627331876392994,0.04410034625416751,-0.7116154936786582,-0.23492804340019766,0.20959683970571671,3.0,38351.666666666664,0.06463804255523839,-0.5073924213742923,-0.09137608823604933,0.5277777777777778,237.33333333333334
glm,C39,M1,3,0.04015854298628164,0.2639816595197099,0.5854341736694678,0.6388888888888888,0.776092702573766,-0.14073302419379377,-0.10083261289485101,-0.021478815273210865,0.01564765996506079,0.03712647523827165,-0.6894825369979397,-0.22342603262657548,0.1799865143194126,3.6666666666666665,61702.333333333336,0.06360338464945677,-0.39346454112562695,-0.07086431840920941,0.4444444444444445,236.66666666666666
glm,C39,M2,3,0.021299841871793485,0.13536002313866904,0.5126050420168068,0.6111111111111112,0.7161266315780961,-0.141682387876962,-0.0920247872029503,-0.02242817895637909,0.0244554856569615,0.04688366461334059,-0.6340053445992181,-0.2319221973517316,0.22317813597540967,2.6666666666666665,84844.33333333333,0.06714028029325736,-0.34618623051354486,-0.06419441156272247,0.47222222222222227,237.0
glm,C39,M3,3,0.0235458626795214,0.14079345418564718,0.5266106442577031,0.5833333333333334,0.7835922649107797,-0.14011666567674508,-0.104175781932718,-0.020862456756162162,0.012304490927193804,0.033166947683355964,-0.6525135548767661,-0.23659902858018747,0.1611139068954619,4.666666666666667,110454.0,0.06794234652667888,-0.3096519772906252,-0.07660293868284877,0.47222222222222227,227.5
deepseek,ALL,M0,3,0.062424714476108374,0.4734287182147719,0.6610644257703081,0.8333333333333334,0.8176124642250683,-0.16756419930937014,-0.1325450971466525,-0.01111772605671931,0.021259959223383678,0.032377685280102986,-0.9179901593538483,-0.2074598330483598,0.16512588478484616,6.666666666666667,41444.666666666664,0.04760415842911323,-0.16092134494360769,-0.047212998264500906,0.5,2917.0
deepseek,ALL,M1,3,0.04615463359855204,0.31810768743849044,0.5980392156862745,0.6944444444444445,0.8312599793856098,-0.16300777321418236,-0.12834025823720877,-0.0065612999615315415,0.02546479813282739,0.03202609809435893,-0.8623558651824631,-0.20754951241609187,0.1616257519578452,5.333333333333333,65593.66666666667,0.051775965619632124,-0.014443974786417532,-0.044754726841981896,0.47222222222222227,2919.0
deepseek,ALL,M2,3,0.04936500018577784,0.3438379704780399,0.5910364145658263,0.638888888888889,0.8292425508963338,-0.1706525987390111,-0.13597792854378488,-0.01420612548636028,0.017827127826251288,0.032033253312611566,-0.9620364311177422,-0.2110586270793937,0.1647050230806559,5.0,88585.66666666667,0.044505586774054036,-0.22347215729838385,-0.04781177177279653,0.5,2918.0
deepseek,ALL,M3,3,0.06402556417111666,0.5348501394261017,0.6946778711484595,0.8611111111111112,0.8197733074259604,-0.13240235645419385,-0.09714254776695459,0.02404411679845697,0.056662508603081564,0.03261839180462459,-0.7717460718084909,-0.1874682007451638,0.1587704835467687,6.666666666666667,116524.33333333333,0.03970511999126097,0.7556196117327127,-0.02510155894120991,0.6666666666666666,2833.8333333333335
deepseek,C26,M0,3,0.039733913964038074,0.2315278730071695,0.5840336134453782,0.6111111111111112,0.7695257603245368,-0.21320774668007345,-0.1819148515699137,-0.06453951041197088,-0.035772634852220674,0.028766875559750216,-1.0503189148814098,-0.24733929379929379,0.15541423328083895,4.666666666666667,40989.666666666664,0.07664202748603986,-0.9301579784777081,-0.10009033157858023,0.3888888888888889,182.0
deepseek,C26,M1,3,0.025456377494161034,0.16084598049622928,0.542016806722689,0.6666666666666666,0.7566526284335123,-0.18423914325758564,-0.1570966380753499,-0.0355709069894831,-0.010954421357656896,0.024616485631826206,-0.9548967860795404,-0.22983708066851727,0.13153299060523285,3.0,66667.0,0.06879601859102165,-0.5819433066081987,-0.083976494316969,0.4444444444444445,182.0
deepseek,C26,M2,3,0.04305306543799301,0.2994318770677285,0.6134453781512605,0.7222222222222222,0.7456623583746528,-0.1672492435294474,-0.1367999582641538,-0.018581007261344856,0.009342258453539198,0.027923265714884054,-0.8339072453619735,-0.225666978876083,0.14442490977954656,2.6666666666666665,88093.66666666667,0.06527582598859523,-0.27232395396486625,-0.06856568854115626,0.47222222222222227,180.33333333333334
deepseek,C26,M3,3,0.04228784291140131,0.2985820916274058,0.6050420168067226,0.6944444444444445,0.7674499694921554,-0.1624905717797013,-0.13441311167523592,-0.013822335511598763,0.011729105042457092,0.025551440554055855,-0.9107756609052678,-0.21802587139868623,0.13170386452278068,3.3333333333333335,124387.33333333333,0.0630571580001395,-0.2528135239833101,-0.07599090510913982,0.47222222222222227,182.0
deepseek,C35,M0,3,0.058618953133732256,0.3905548779069588,0.6428571428571429,0.8333333333333334,0.7364124097039211,-0.19308540532412788,-0.1514182238137689,0.01951121738668138,0.05878871423655252,0.03927749684987114,-0.9443067832271804,-0.230997448858464,0.2021558698840146,7.333333333333333,41473.666666666664,0.06254283985419633,0.442147317227382,-0.06487616088190835,0.5833333333333334,158.0
deepseek,C35,M1,3,0.04630131997734906,0.28383309766472636,0.592436974789916,0.6666666666666666,0.7776009202059879,-0.16162586286404954,-0.1234044221355614,0.05097075984675973,0.08680251591476003,0.0358317560680003,-0.7837490944818652,-0.2032736691843656,0.176268104697941,6.333333333333333,65664.66666666667,0.06424946229771838,1.0113461240082977,-0.06035723818451777,0.6111111111111112,159.33333333333334
deepseek,C35,M2,3,0.04030523586416527,0.2473776988742243,0.5840336134453782,0.6666666666666666,0.7723577085374492,-0.2031690568751344,-0.16828309506953776,0.00942756583567487,0.041923842980783665,0.0324962771451088,-1.0360639424563287,-0.2284390444367449,0.1711024494438489,5.333333333333333,86943.33333333333,0.061502777932542295,0.2432626632744683,-0.06664126031797372,0.5833333333333334,160.0
deepseek,C35,M3,3,0.05209526744602224,0.33450098166316816,0.6218487394957983,0.75,0.7790292533283326,-0.14169504878340264,-0.10787753019351591,0.07090157392740663,0.10232940785680551,0.031427833929398886,-0.7278445009697649,-0.18826371400373257,0.1512656445271976,5.333333333333333,113975.33333333333,0.05848337032135096,1.4850118856566767,-0.041616325580819326,0.6944444444444443,158.0
deepseek,C39,M0,3,0.04678770174940211,0.2987893975907367,0.5966386554621849,0.6111111111111112,0.757358396240976,-0.11709845225105435,-0.06840498604974939,0.002155756669528571,0.04807528681016241,0.045919530140633845,-0.5029042528861529,-0.23618330125585885,0.21207212441284687,5.0,41394.666666666664,0.06360427088582359,0.08842371924844876,-0.06164694449438194,0.5833333333333334,238.33333333333334
deepseek,C39,M1,3,0.01626948249360697,0.09682728595907575,0.5266106442577031,0.5277777777777778,0.7728775712732988,-0.17459544008299022,-0.1419455324484257,-0.0553412311624073,-0.025465259588513905,0.029875971573893396,-0.8864894371372447,-0.2375965700166416,0.1539005202314853,7.333333333333333,65697.0,0.06415352449323175,-0.9978683926836998,-0.10721992591149414,0.4166666666666667,237.33333333333334
deepseek,C39,M2,3,0.011369224884009111,0.06842134688486974,0.4943977591036415,0.5277777777777778,0.7765119305516031,-0.1690133049459354,-0.13471680019554336,-0.04975909602535248,-0.018236527335631563,0.03152256868972092,-0.9326624258341095,-0.22092684990652886,0.1607810568226847,4.333333333333333,89580.33333333333,0.06089425015760729,-0.9857203095852674,-0.10047069865287221,0.4166666666666667,237.33333333333334
deepseek,C39,M3,3,0.023092519426155384,0.1400777434465575,0.5406162464985994,0.5555555555555555,0.770686943922831,-0.16985212525967927,-0.13259057960676848,-0.05059791633909635,-0.01611030674685669,0.034487609592239656,-0.8841091095021616,-0.23447921292866772,0.17306411084513154,6.0,116392.33333333333,0.06281228567374976,-0.9558908365991422,-0.09744285270502014,0.3611111111111111,240.0
