model,industry,arm,n,rank_ic,rank_ic_sd,rank_icir,rank_icir_sd,ic_positive_fraction,ic_positive_fraction_sd,ic_positive_month_fraction,ic_positive_month_fraction_sd,ic_lag1_autocorr,ic_lag1_autocorr_sd,net_cagr,net_cagr_sd,gross_cagr,gross_cagr_sd,excess_cagr,excess_cagr_sd,gross_excess_cagr,gross_excess_cagr_sd,cost_drag_excess,cost_drag_excess_sd,sharpe,sharpe_sd,max_drawdown,max_drawdown_sd,turnover_two_sided_daily_mean,turnover_two_sided_daily_mean_sd,factor_count,factor_count_sd,total_tokens,total_tokens_sd,tracking_error,tracking_error_sd,active_return_ir,active_return_ir_sd,relative_nav_max_drawdown,relative_nav_max_drawdown_sd,positive_active_month_fraction,positive_active_month_fraction_sd,test_signal_asset_count_median,test_signal_asset_count_median_sd,positive_excess_runs,excess_min,excess_max
glm,ALL,M0,3,0.060515651454419915,0.00942774958606179,0.4825623363163136,0.12484632431088923,0.6498599439775911,0.06647867947510262,0.7777777777777778,0.17347216662217768,0.8198113308389835,0.016527450575280375,-0.14360754802739573,0.02071480264221228,-0.1111789470060038,0.022252230121075404,0.012838925225255093,0.02071480264221228,0.04262610936403236,0.0222522301210754,0.029787184138777272,0.0019514409246106335,-0.8044989999340378,0.11686538750497555,-0.19436805886587805,0.005449918466411699,0.1480499785282989,0.004414472835880428,8.333333333333334,1.1547005383792517,39012.0,101.53324578678651,0.04185127847040501,0.0033091614234450183,0.44087624278202364,0.573538532532346,-0.0314264706178223,0.011107393312441547,0.5555555555555555,0.0962250448649376,2915.1666666666665,4.310839052125854,2,-0.01105184128538228,0.02579747438824176
glm,ALL,M1,3,0.04682518049104442,0.009548834999397177,0.319869250720158,0.07759133903187448,0.5826330532212886,0.029809239010914187,0.6666666666666666,0.08333333333333331,0.8220566788116113,0.008449919930701037,-0.17503808234683735,0.020920962161739127,-0.13993484516689214,0.019890967213495234,-0.018591609094186518,0.020920962161739127,0.013870211203144023,0.019890967213495234,0.032461820297330544,0.0022316284496755306,-0.9370266407383859,0.10917321641925466,-0.21050325565358166,0.0147715173937353,0.16610307268973215,0.013543581416638651,6.666666666666667,0.5773502691896258,62583.666666666664,380.65382348445326,0.05421358549479179,0.0005503679818393335,-0.324109445416145,0.4545976759199079,-0.04895952248905614,0.012622044279294442,0.47222222222222227,0.12729376930432892,2917.6666666666665,2.309401076758503,0,-0.0427176381950527,-0.0054619654418445185
glm,ALL,M2,3,0.04943576380549586,0.010272081892758727,0.37274524202955384,0.08224600867631662,0.6078431372549019,0.031814612581514155,0.6944444444444445,0.1272937693043289,0.8383841212957909,0.013812004194424106,-0.16192597242132847,0.03231807065894968,-0.1296975844603325,0.02592010409524498,-0.0054794991686776635,0.03231807065894968,0.024107471909703675,0.02592010409524498,0.029586971078381336,0.006407905764137671,-0.9113312255902892,0.19643460099423202,-0.20591701786169478,0.018296932424380612,0.15086367172276663,0.03579973522031164,7.666666666666667,1.5275252316519465,85455.0,1851.1685498624915,0.04314370815503604,0.0018643435742987447,-0.07275815411517583,0.8703236843746088,-0.04145061568061633,0.02027251707065201,0.5277777777777778,0.17347216662217774,2916.8333333333335,1.8929694486000912,2,-0.04279702577078359,0.013275945788863486
glm,ALL,M3,3,0.05578674789618148,0.012476618624859185,0.4016185698762074,0.12642780430963887,0.6190476190476191,0.06307187814676583,0.8055555555555555,0.1272937693043289,0.8347776374542685,0.00931004769439868,-0.1323486388799444,0.0225022645285592,-0.10308213473900352,0.02494742254260047,0.024097834372706406,0.0225022645285592,0.05072292163103265,0.02494742254260047,0.02662508725832624,0.003455131541935475,-0.7124676871971989,0.11557314242062333,-0.19877810812379273,0.009811583748744291,0.13279934172179741,0.01281198804560974,8.0,2.0,111105.0,697.7915161421784,0.045661663947564705,0.0039584177265486594,0.7141691138764245,0.6280847143775763,-0.03418705901824459,0.011330176618138418,0.5833333333333334,0.08333333333333331,2916.5,2.29128784747792,3,0.0079996585387353,0.049810117358171646
glm,C26,M0,3,0.04606403403937564,0.018637657495838754,0.33066935671344233,0.1295840183504127,0.6148459383753501,0.06459301152717202,0.8055555555555555,0.17347216662217774,0.7329793053056018,0.016793381255772396,-0.1812120538312948,0.06505708294589213,-0.1492045108584785,0.06229627114243327,-0.032543817563192246,0.06505708294589213,-0.0030622941407854785,0.06229627114243327,0.02948152342240677,0.0055293801942026535,-0.9328382363913615,0.317559193027204,-0.23164520404846944,0.034224717020841774,0.15488077258294689,0.03519802736248602,4.0,1.0,39005.666666666664,215.07285587291886,0.06327998371575401,0.006526334349387838,-0.5201793314719528,1.1417828907324037,-0.07721404647353632,0.045517156267572786,0.47222222222222227,0.1734721666221777,182.0,0.0,1,-0.09791772971145196,0.032191738312682516
glm,C26,M1,3,0.035196518217238966,0.005282506432521363,0.2354520372630667,0.030431970958244372,0.5364145658263305,0.015907306290757074,0.7777777777777778,0.048112522432468836,0.7717795787238537,0.004764255345292698,-0.12438230705864013,0.03207944942717755,-0.09879509780390672,0.024073710675803987,0.024285929209462414,0.03207944942717755,0.04734711891378629,0.024073710675803987,0.023061189704323876,0.008253228013097299,-0.6284211328137758,0.17937194230098286,-0.1981555589423126,0.010059665511024267,0.11614512248607173,0.040701560626332886,3.3333333333333335,1.5275252316519465,62005.0,160.738918747141,0.061936295451381025,0.004418107673061189,0.4987971869911616,0.6106109328953024,-0.05248077879516422,0.014951859457462881,0.6111111111111112,0.1272937693043289,182.0,0.0,2,-0.0035325025310780633,0.05937750135030628
glm,C26,M2,3,0.02985305492883009,0.002181917086521561,0.1866523656355511,0.01421138956580827,0.5462184873949579,0.012605042016806733,0.75,0.0,0.7846837550073174,0.014189169386333505,-0.17381603557608594,0.031859835216402704,-0.1534072301128674,0.03229619632064482,-0.025147799307983387,0.031859835216402704,-0.00726501339517438,0.03229619632064482,0.017882785912809007,0.004227209370067618,-0.8898607587835059,0.21207927022452602,-0.22587216263416235,0.007193434955212144,0.09776939265208394,0.02040251576011626,3.3333333333333335,0.5773502691896258,84357.33333333333,1575.2194556103393,0.06866670432022615,0.001500913441037096,-0.39722753086695733,0.5760569871884488,-0.08978729071375875,0.014699174923722403,0.4166666666666667,0.08333333333333334,180.33333333333334,2.886751345948129,1,-0.060892281277471705,0.00026089353197933374
glm,C26,M3,3,0.028315945265230066,0.010017672564966452,0.1976295768024273,0.047494213383078666,0.5644257703081232,0.029809239010914236,0.611111111111111,0.0962250448649376,0.746466234188365,0.013243026273337438,-0.18594676769821128,0.012974301922947731,-0.1599634734068206,0.018367919356826967,-0.03727853143010873,0.012974301922947731,-0.013821256689127592,0.018367919356826967,0.023457274740981138,0.005567127429529552,-1.001297407726747,0.13565912919062878,-0.22498858691661686,0.014327703546000718,0.1265336875435299,0.025404552351362124,4.0,1.0,111589.66666666667,1160.2143480121822,0.06130892287284726,0.0010777935415713063,-0.6887196472978726,0.27930921989638174,-0.07243987741807893,0.006250257871524947,0.4444444444444445,0.0481125224324688,182.0,0.0,0,-0.049679371947551454,-0.023798215826430935
glm,C35,M0,3,0.04925513556591896,0.00869620049580151,0.29356976382304684,0.08556139170275966,0.592436974789916,0.03172199342550735,0.6944444444444445,0.0962250448649376,0.7674115901303411,0.03473892981813942,-0.2020879297697493,0.007819089843770126,-0.1653211575697142,0.010204329448498563,0.010508692941059975,0.007819089843770126,0.04488578048060724,0.010204329448498563,0.03437708753954727,0.0031071061904493235,-0.955886109870482,0.082744179290999,-0.23000626856298897,0.007625889309614668,0.17813976318366306,0.01401842985866397,7.333333333333333,1.1547005383792517,39197.666666666664,80.68663664655588,0.0700690140833246,0.010247006728692939,0.2834608593617114,0.1457819284751013,-0.0527883482673707,0.00300647139780733,0.5833333333333334,0.0,158.66666666666666,2.3094010767585034,3,0.0017904293218975464,0.016900575494102066
glm,C35,M1,3,0.04220776617879176,0.013810296680487647,0.25827346484856856,0.12801443642908641,0.5938375350140056,0.06079141292495994,0.6666666666666666,0.08333333333333331,0.7748574302009467,0.03257366352078279,-0.20080194510719437,0.03391067964238971,-0.16840031196152427,0.031891817085556044,0.011794677603614892,0.03391067964238971,0.04180662608879715,0.031891817085556044,0.030011948485182256,0.0023488190190855975,-1.0059988514662372,0.18162168443775004,-0.2279659619197769,0.027799293205346312,0.1581809673684706,0.01844156439516429,5.333333333333333,0.5773502691896258,63025.0,472.6721908468913,0.06699020627603301,0.006841422597345864,0.2910638645378469,0.6142930820696219,-0.06269226842581359,0.017220536473828978,0.5555555555555557,0.048112522432468836,157.66666666666666,4.041451884327381,2,-0.027216877773249992,0.03421732075297235
glm,C35,M2,3,0.048214347077348736,0.013008733571523887,0.31326116226026474,0.07700389144561395,0.634453781512605,0.03334980644199069,0.75,0.14433756729740646,0.7554704536142918,0.01058358893331434,-0.1963929408426148,0.01199511538510933,-0.16164848241351026,0.017654052665135384,0.01620368186819447,0.01199511538510933,0.04855845563681116,0.017654052665135384,0.032354773768616694,0.006011871555174832,-1.0787458620588228,0.20002745197457533,-0.21908146203610113,0.013994776199953414,0.1675197951051994,0.026606511856041903,6.0,0.0,85454.66666666667,1445.467513759245,0.06141204242118337,0.0010566565215535553,0.35444879097322346,0.28913409409885166,-0.05473307031560015,0.01616963987047421,0.5833333333333334,0.08333333333333331,160.0,0.0,3,0.0038230751628641757,0.02777201704561061
glm,C35,M3,3,0.04317744548645214,0.015109510561825083,0.2764424037225987,0.11541942570964839,0.6078431372549019,0.050478491011036686,0.6944444444444445,0.1272937693043289,0.7624675975448936,0.022241877973258613,-0.20165574800935418,0.04249306199889245,-0.16890812924881404,0.04046975528172941,0.010940874701455069,0.042493061998892454,0.04129880880150738,0.04046975528172941,0.030357934100052313,0.0022864943774331442,-1.059180785033908,0.21132988136481326,-0.22525187807045424,0.0372060425833508,0.16067990185620576,0.018924386203269923,10.666666666666666,1.1547005383792517,113622.33333333333,1007.8503526483152,0.05908444622586725,0.001703191784949662,0.27535564595115253,0.8848471295953918,-0.04964182907280542,0.006137481684498758,0.5277777777777778,0.09622504486493764,160.0,0.0,2,-0.03391165797178275,0.05059641997361908
glm,C39,M0,3,0.0320504531285944,0.005091070055710611,0.19868716767842176,0.051874497374993306,0.5476190476190476,0.023891767659988745,0.6111111111111112,0.048112522432468774,0.7386425045941549,0.057297529187698516,-0.1470812364108205,0.04606372722936308,-0.10020695409598186,0.054445626581891754,-0.027827027490237577,0.04606372722936308,0.01627331876392994,0.054445626581891754,0.04410034625416751,0.008815640092563796,-0.7116154936786582,0.28659865295040554,-0.23492804340019766,0.003940737212565507,0.20959683970571671,0.027707000876246477,3.0,1.7320508075688772,38351.666666666664,492.74875274660343,0.06463804255523839,0.003263215974407244,-0.5073924213742923,0.8499751972461256,-0.09137608823604933,0.030417533093015932,0.5277777777777778,0.12729376930432887,237.33333333333334,3.2145502536643185,1,-0.060309617783598,0.024890670468897036
glm,C39,M1,3,0.04015854298628164,0.013761610990179576,0.2639816595197099,0.12482598904649791,0.5854341736694678,0.05704597158099801,0.6388888888888888,0.1272937693043289,0.776092702573766,0.03181415850063871,-0.14073302419379377,0.012122772421244026,-0.10083261289485101,0.014018969970715516,-0.021478815273210865,0.012122772421244026,0.01564765996506079,0.014018969970715516,0.03712647523827165,0.009702542133518907,-0.6894825369979397,0.1028058218019749,-0.22342603262657548,0.0090227022336843,0.1799865143194126,0.04020599915763321,3.6666666666666665,0.5773502691896258,61702.333333333336,422.7260736379214,0.06360338464945677,0.006104800215847884,-0.39346454112562695,0.2573614397278586,-0.07086431840920941,0.009747182812935774,0.4444444444444445,0.0481125224324688,236.66666666666666,3.7859388972001824,0,-0.03185664232165186,-0.00815435379622409
glm,C39,M2,3,0.021299841871793485,0.01777474652147755,0.13536002313866904,0.10261545406651129,0.5126050420168068,0.02555782575755555,0.6111111111111112,0.048112522432468774,0.7161266315780961,0.06647332697899981,-0.141682387876962,0.044027278549228804,-0.0920247872029503,0.03764110184409656,-0.02242817895637909,0.044027278549228804,0.0244554856569615,0.03764110184409656,0.04688366461334059,0.006400567991128159,-0.6340053445992181,0.24057046969689172,-0.2319221973517316,0.016098825791929935,0.22317813597540967,0.039828327765920005,2.6666666666666665,2.886751345948129,84844.33333333333,785.7132640685999,0.06714028029325736,0.0065452971934656864,-0.34618623051354486,0.7914476038446822,-0.06419441156272247,0.020164830208435926,0.47222222222222227,0.09622504486493764,237.0,5.291502622129181,1,-0.06297360223561388,0.02440489308708349
glm,C39,M3,3,0.0235458626795214,0.008964847249178749,0.14079345418564718,0.058757033173455604,0.5266106442577031,0.010573997808502414,0.5833333333333334,0.08333333333333331,0.7835922649107797,0.007630771414398293,-0.14011666567674508,0.038433151584141644,-0.104175781932718,0.04520236584289819,-0.020862456756162162,0.038433151584141644,0.012304490927193804,0.0452023658428982,0.033166947683355964,0.007334174586573061,-0.6525135548767661,0.16497546349852624,-0.23659902858018747,0.024983607846390636,0.1611139068954619,0.025254521060240013,4.666666666666667,1.5275252316519465,110454.0,1086.5086285897596,0.06794234652667888,0.004610610378122688,-0.3096519772906252,0.5848030161507394,-0.07660293868284877,0.024590360567598203,0.47222222222222227,0.0481125224324688,227.5,5.5,1,-0.06454112665333278,0.007776693461980844
deepseek,ALL,M0,3,0.062424714476108374,0.005023329392897423,0.4734287182147719,0.048638719700911735,0.6610644257703081,0.019856368177532002,0.8333333333333334,0.08333333333333331,0.8176124642250683,0.019081433805819233,-0.16756419930937014,0.028135655673501472,-0.1325450971466525,0.02534326080348186,-0.01111772605671931,0.028135655673501472,0.021259959223383678,0.025343260803481857,0.032377685280102986,0.002826738240026233,-0.9179901593538483,0.15243240832313906,-0.2074598330483598,0.014112085695205851,0.16512588478484616,0.018379321143643698,6.666666666666667,0.5773502691896258,41444.666666666664,291.65104720081723,0.04760415842911323,0.004372851994924089,-0.16092134494360769,0.6982070143049988,-0.047212998264500906,0.018972133027713035,0.5,0.08333333333333334,2917.0,1.7320508075688772,1,-0.033895714635996166,0.020333360531320732
deepseek,ALL,M1,3,0.04615463359855204,0.00713805908291373,0.31810768743849044,0.08582084529934722,0.5980392156862745,0.03097107057072266,0.6944444444444445,0.1272937693043289,0.8312599793856098,0.013815731057020652,-0.16300777321418236,0.02842517063193456,-0.12834025823720877,0.028607346071563223,-0.0065612999615315415,0.02842517063193456,0.02546479813282739,0.028607346071563226,0.03202609809435893,0.005149121252635794,-0.8623558651824631,0.13238594564161804,-0.20754951241609187,0.014327773947318337,0.1616257519578452,0.022321231636373836,5.333333333333333,0.5773502691896258,65593.66666666667,579.110812654481,0.051775965619632124,0.012237601274347401,-0.014443974786417532,0.6010329063151476,-0.044754726841981896,0.019979640313732484,0.47222222222222227,0.0481125224324688,2919.0,0.0,1,-0.03247118167913954,0.023843536240490626
deepseek,ALL,M2,3,0.04936500018577784,0.005067325779350583,0.3438379704780399,0.0430189466627166,0.5910364145658263,0.021147995617004936,0.638888888888889,0.0962250448649376,0.8292425508963338,0.015264049187960127,-0.1706525987390111,0.04161054239171757,-0.13597792854378488,0.03726168788707174,-0.01420612548636028,0.04161054239171757,0.017827127826251288,0.03726168788707174,0.032033253312611566,0.00452932352142351,-0.9620364311177422,0.22126591376625154,-0.2110586270793937,0.022709372700693117,0.1647050230806559,0.02912108902066247,5.0,1.0,88585.66666666667,746.9808118909972,0.044505586774054036,0.006472064394811024,-0.22347215729838385,1.075679703747695,-0.04781177177279653,0.026615698824438604,0.5,0.16666666666666666,2918.0,1.7320508075688772,1,-0.05441686839616189,0.02867553526496247
deepseek,ALL,M3,3,0.06402556417111666,0.014255719407083194,0.5348501394261017,0.21548557264406107,0.6946778711484595,0.10573997808502453,0.8611111111111112,0.1272937693043289,0.8197733074259604,0.033471604642572435,-0.13240235645419385,0.029379495704955336,-0.09714254776695459,0.03144152081894739,0.02404411679845697,0.029379495704955336,0.056662508603081564,0.03144152081894739,0.03261839180462459,0.0029195028284277466,-0.7717460718084909,0.16574515708971466,-0.1874682007451638,0.003188914721751971,0.1587704835467687,0.009809910341364775,6.666666666666667,1.5275252316519465,116524.33333333333,1780.7395467426823,0.03970511999126097,0.004416202678898232,0.7556196117327127,0.875013649142513,-0.02510155894120991,0.00911980517767595,0.6666666666666666,0.16666666666666669,2833.8333333333335,81.50051124584026,3,0.006186389991919672,0.05795259114454854
deepseek,C26,M0,3,0.039733913964038074,0.012250080074287866,0.2315278730071695,0.08392257974497919,0.5840336134453782,0.02521008403361341,0.6111111111111112,0.048112522432468774,0.7695257603245368,0.016714374611858603,-0.21320774668007345,0.0370502174877405,-0.1819148515699137,0.043052018478353174,-0.06453951041197088,0.0370502174877405,-0.035772634852220674,0.043052018478353174,0.028766875559750216,0.006083652069127535,-1.0503189148814098,0.23196838177122875,-0.24733929379929379,0.027734253970860247,0.15541423328083895,0.023703377754878577,4.666666666666667,2.0816659994661326,40989.666666666664,116.90309377143674,0.07664202748603986,0.005118653149484034,-0.9301579784777081,0.5417787169869804,-0.10009033157858023,0.029149970372007273,0.3888888888888889,0.1272937693043289,182.0,0.0,0,-0.10669515004066676,-0.03714542971712442
deepseek,C26,M1,3,0.025456377494161034,0.008875887815369644,0.16084598049622928,0.06612820396734335,0.542016806722689,0.03439223853727925,0.6666666666666666,0.08333333333333331,0.7566526284335123,0.02306225538051723,-0.18423914325758564,0.0324902113893195,-0.1570966380753499,0.035040941956533324,-0.0355709069894831,0.0324902113893195,-0.010954421357656896,0.035040941956533324,0.024616485631826206,0.004058300017605163,-0.9548967860795404,0.19277334562363557,-0.22983708066851727,0.011862081053442542,0.13153299060523285,0.01694938610842236,3.0,1.0,66667.0,1173.6749976036808,0.06879601859102165,0.0032031550271518286,-0.5819433066081987,0.5762950305304931,-0.083976494316969,0.00828274890899352,0.4444444444444445,0.0481125224324688,182.0,0.0,1,-0.05960525059939914,0.0013937412720833597
deepseek,C26,M2,3,0.04305306543799301,0.005556051941834471,0.2994318770677285,0.043452123021249976,0.6134453781512605,0.018314701443448208,0.7222222222222222,0.048112522432468836,0.7456623583746528,0.01147684952006822,-0.1672492435294474,0.008889378393046349,-0.1367999582641538,0.004317043755872604,-0.018581007261344856,0.008889378393046349,0.009342258453539198,0.004317043755872604,0.027923265714884054,0.00942286831536129,-0.8339072453619735,0.034569350485578125,-0.225666978876083,0.007710589482540878,0.14442490977954656,0.044336528517496775,2.6666666666666665,0.5773502691896258,88093.66666666667,1899.5552988353177,0.06527582598859523,0.004917114987254979,-0.27232395396486625,0.10845271600213888,-0.06856568854115626,0.01676931401966948,0.47222222222222227,0.0481125224324688,180.33333333333334,2.886751345948129,0,-0.024687992370282186,-0.008382614576421421
deepseek,C26,M3,3,0.04228784291140131,0.013381663216358959,0.2985820916274058,0.12344655262249153,0.6050420168067226,0.04772191887227116,0.6944444444444445,0.1272937693043289,0.7674499694921554,0.04713407251277228,-0.1624905717797013,0.024597891153559134,-0.13441311167523592,0.02415541478065561,-0.013822335511598763,0.024597891153559134,0.011729105042457092,0.02415541478065561,0.025551440554055855,0.007718068791511664,-0.9107756609052678,0.10210140800078601,-0.21802587139868623,0.01866971229458136,0.13170386452278068,0.03758173801550689,3.3333333333333335,2.081665999466133,124387.33333333333,5206.836403549984,0.0630571580001395,0.0014716607898211521,-0.2528135239833101,0.43326758594359965,-0.07599090510913982,0.030492359401330858,0.47222222222222227,0.0481125224324688,182.0,0.0,1,-0.040042472272666996,0.008744718137798868
deepseek,C35,M0,3,0.058618953133732256,0.012596259982887966,0.3905548779069588,0.12590011100050247,0.6428571428571429,0.02941176470588236,0.8333333333333334,0.08333333333333331,0.7364124097039211,0.030850515061911294,-0.19308540532412788,0.016718804696543056,-0.1514182238137689,0.016130643210248825,0.01951121738668138,0.016718804696543056,0.05878871423655252,0.016130643210248825,0.03927749684987114,0.0006503840138154416,-0.9443067832271804,0.17543313710749403,-0.230997448858464,0.0030820966513179634,0.2021558698840146,0.005694283198918485,7.333333333333333,0.5773502691896258,41473.666666666664,407.73684323756333,0.06254283985419633,0.008591858419442558,0.442147317227382,0.34087620939942875,-0.06487616088190835,0.0013628589355914515,0.5833333333333334,0.0,158.0,2.0,3,0.0002517286843186639,0.03029096246561136
deepseek,C35,M1,3,0.04630131997734906,0.01480756445083189,0.28383309766472636,0.0924700126973851,0.592436974789916,0.03589917540049381,0.6666666666666666,0.08333333333333331,0.7776009202059879,0.01131116417321936,-0.16162586286404954,0.050248982300100005,-0.1234044221355614,0.05810565246596891,0.05097075984675973,0.0502489823001,0.08680251591476003,0.05810565246596891,0.0358317560680003,0.007871309576481045,-0.7837490944818652,0.2961101049545623,-0.2032736691843656,0.038225725117342,0.176268104697941,0.026277344724740474,6.333333333333333,1.5275252316519465,65664.66666666667,843.3945300589359,0.06424946229771838,0.0037026887799881908,1.0113461240082977,0.9534198346453858,-0.06035723818451777,0.007119784904333374,0.6111111111111112,0.048112522432468774,159.33333333333334,1.1547005383792515,2,-0.005129296300850461,0.09184841425484824
deepseek,C35,M2,3,0.04030523586416527,0.016384376918708456,0.2473776988742243,0.09708171062920756,0.5840336134453782,0.0436651464092994,0.6666666666666666,0.14433756729740646,0.7723577085374492,0.03319482444087677,-0.2031690568751344,0.058409976245761414,-0.16828309506953776,0.056778714796141334,0.00942756583567487,0.0584099762457614,0.041923842980783665,0.056778714796141334,0.0324962771451088,0.003682623583388297,-1.0360639424563287,0.34346339348932253,-0.2284390444367449,0.05599261855097494,0.1711024494438489,0.02715063647679525,5.333333333333333,1.5275252316519465,86943.33333333333,1877.7870841320998,0.061502777932542295,0.0014259414501986531,0.2432626632744683,1.1724982260689745,-0.06664126031797372,0.020627303351099954,0.5833333333333334,0.08333333333333331,160.0,0.0,1,-0.02491270713717597,0.07686980755097428
deepseek,C35,M3,3,0.05209526744602224,0.008337424252140565,0.33450098166316816,0.058671903452033325,0.6218487394957983,0.03361344537815125,0.75,0.08333333333333337,0.7790292533283326,0.016009126657902568,-0.14169504878340264,0.014392727945065738,-0.10787753019351591,0.009668986092760203,0.07090157392740663,0.01439272794506574,0.10232940785680551,0.009668986092760203,0.031427833929398886,0.0055906453509225835,-0.7278445009697649,0.08866610787668408,-0.18826371400373257,0.015138261006561139,0.1512656445271976,0.026012325982992034,5.333333333333333,3.5118845842842465,113975.33333333333,2344.5285951195674,0.05848337032135096,0.003286230462909744,1.4850118856566767,0.20651371342274638,-0.041616325580819326,0.01718666952952382,0.6944444444444443,0.048112522432468836,158.0,2.0,3,0.05810221830727946,0.086481828488569
deepseek,C39,M0,3,0.04678770174940211,0.010088051805709462,0.2987893975907367,0.07144434039561393,0.5966386554621849,0.02941176470588235,0.6111111111111112,0.048112522432468774,0.757358396240976,0.014511673643901483,-0.11709845225105435,0.01869809078164955,-0.06840498604974939,0.01888226486170302,0.002155756669528571,0.01869809078164955,0.04807528681016241,0.018882264861703017,0.045919530140633845,0.005206842790516622,-0.5029042528861529,0.09446189244612227,-0.23618330125585885,0.007033995090650858,0.21207212441284687,0.02394642219411714,5.0,0.0,41394.666666666664,529.78706414307,0.06360427088582359,0.0018275891167796098,0.08842371924844876,0.3240490877127433,-0.06164694449438194,0.011760139253983278,0.5833333333333334,0.08333333333333331,238.33333333333334,2.5166114784235836,2,-0.019138921437431233,0.015888725661859393
deepseek,C39,M1,3,0.01626948249360697,0.006254499231877102,0.09682728595907575,0.03561028281205822,0.5266106442577031,0.004851682934366586,0.5277777777777778,0.048112522432468836,0.7728775712732988,0.011998035185281303,-0.17459544008299022,0.012276403964362593,-0.1419455324484257,0.013401924658587935,-0.0553412311624073,0.012276403964362593,-0.025465259588513905,0.013401924658587935,0.029875971573893396,0.0011750756088221947,-0.8864894371372447,0.08517295811684608,-0.2375965700166416,0.014690349136104803,0.1539005202314853,0.004812113127860347,7.333333333333333,0.5773502691896258,65697.0,728.1009545385859,0.06415352449323175,0.0004045958639470255,-0.9978683926836998,0.2300777860295691,-0.10721992591149414,0.010327687595746362,0.4166666666666667,0.14433756729740643,237.33333333333334,3.2145502536643185,0,-0.06949827643535522,-0.047635296260357674
deepseek,C39,M2,3,0.011369224884009111,0.0012532458498360321,0.06842134688486974,0.008303234269785255,0.4943977591036415,0.02314105271968952,0.5277777777777778,0.048112522432468836,0.7765119305516031,0.012173733340677811,-0.1690133049459354,0.05445430360948261,-0.13471680019554336,0.05749376115318458,-0.04975909602535248,0.0544543036094826,-0.018236527335631563,0.05749376115318458,0.03152256868972092,0.005416299251921485,-0.9326624258341095,0.3350351944317148,-0.22092684990652886,0.016758517410410765,0.1607810568226847,0.02198618791550033,4.333333333333333,0.5773502691896258,89580.33333333333,485.85834698328824,0.06089425015760729,0.0023302958501454202,-0.9857203095852674,1.030532394265791,-0.10047069865287221,0.035728322681252374,0.4166666666666667,0.16666666666666669,237.33333333333334,4.041451884327381,1,-0.08471625949357287,0.012982812180480918
deepseek,C39,M3,3,0.023092519426155384,0.010422128799052709,0.1400777434465575,0.05810750788290884,0.5406162464985994,0.029511635162052494,0.5555555555555555,0.0962250448649376,0.770686943922831,0.01613307254816457,-0.16985212525967927,0.019660300269535684,-0.13259057960676848,0.021083400035555522,-0.05059791633909635,0.019660300269535684,-0.01611030674685669,0.021083400035555522,0.034487609592239656,0.0016166447114420814,-0.8841091095021616,0.1775205628372822,-0.23447921292866772,0.015301812076170951,0.17306411084513154,0.00619341419030968,6.0,1.0,116392.33333333333,1446.2898510787295,0.06281228567374976,0.0047607684575085305,-0.9558908365991422,0.45876780890043356,-0.09744285270502014,0.012775621148251681,0.3611111111111111,0.048112522432468836,240.0,1.7320508075688772,0,-0.07134068580830577,-0.03223712970267634
