model,industry,comparison,repeat,delta_rank_ic,delta_rank_icir,delta_ic_positive_fraction,delta_ic_positive_month_fraction,delta_ic_lag1_autocorr,delta_net_cagr,delta_gross_cagr,delta_excess_cagr,delta_gross_excess_cagr,delta_cost_drag_excess,delta_sharpe,delta_max_drawdown,delta_turnover_two_sided_daily_mean,delta_factor_count,delta_total_tokens,delta_tracking_error,delta_active_return_ir,delta_relative_nav_max_drawdown,delta_positive_active_month_fraction,delta_test_signal_asset_count_median,high_excess_cagr,low_excess_cagr,delta_cost_impact
glm,ALL,M1-M0,1,-0.028231411147542816,-0.2341489509952337,-0.08403361344537807,-0.25,-0.005008726652273809,-0.0664887807679585,-0.06447663694296646,-0.0664887807679585,-0.06447663694296646,0.002012143824992041,-0.3467244830105819,-0.03247903944728059,0.02648174162544739,-2.0,23380.0,0.011509144643832833,-1.5703990726168031,-0.03380136001753742,-0.3333333333333333,3.0,-0.0427176381950527,0.0237711425729058,-0.002012143824992041
glm,ALL,M1-M0,2,-0.0015256972835794788,-0.029924632926481565,-0.004201680672268893,0.08333333333333326,0.0007458342797231898,0.003456617639719939,0.005361553894745907,0.003456617639719939,0.005361553894745907,0.0019049362550259685,0.04869031395998302,-0.008441752063624519,0.006453831960510803,-2.0,23945.0,0.010125769908959345,0.130068014049164,-0.004422930355017174,0.08333333333333337,-4.0,-0.007595223645662341,-0.01105184128538228,-0.0019049362550259685
glm,ALL,M1-M0,3,-0.011314304459004172,-0.22400567286675177,-0.11344537815126055,-0.16666666666666663,0.010998936290433803,-0.03125943983008628,-0.027152611434444474,-0.03125943983008628,-0.027152611434444474,0.004106828395641804,-0.09954875336244562,-0.007484798852205765,0.02122370889834166,-1.0,23390.0,0.015452006520368142,-0.8546260060268668,-0.01437486524114695,0.0,8.5,-0.0054619654418445185,0.02579747438824176,-0.004106828395641804
glm,ALL,M2-M1,1,0.017805935526473478,0.1830818224871988,0.07983193277310918,0.08333333333333326,0.014271162075457977,0.055993583983916184,0.04831422899817173,0.055993583983916184,0.04831422899817173,-0.007679354985744458,0.2719952353100269,0.029700957677001094,-0.048156253752274114,-1.0,21085.0,-0.010684190848982957,1.273037500712186,0.030036296308197263,0.3333333333333333,-3.0,0.013275945788863486,-0.0427176381950527,0.007679354985744458
glm,ALL,M2-M1,2,0.008041081418299803,0.08689808583024416,0.03361344537815125,0.16666666666666674,0.024454344779857085,0.020677806121549458,0.016380022388829962,0.020677806121549458,0.016380022388829962,-0.004297783732719496,0.08220614448445884,0.014276953723770469,-0.023527487307428013,2.0,23126.0,-0.013629306062986762,0.5234570636918257,0.020508867672579312,0.0,0.5,0.013082582475887117,-0.007595223645662341,0.004297783732719496
glm,ALL,M2-M1,3,-0.018015267001418978,-0.11135193438925539,-0.037815126050420145,-0.16666666666666663,0.010256820597224103,-0.037335060328939074,-0.033982469267322735,-0.037335060328939074,-0.033982469267322735,0.003352591061616339,-0.2771151343501953,-0.03021919802511086,0.02596553815880548,2.0,24403.0,-0.008896135107297518,-1.042440690501104,-0.02801844355545713,-0.16666666666666669,0.0,-0.04279702577078359,-0.0054619654418445185,-0.003352591061616339
glm,ALL,M3-M2,1,-0.011414651663271921,-0.1395731901656962,-0.07563025210084029,0.0,-0.0028437999877382047,0.0012077814323487868,-0.0021007085728032004,0.0012077814323487868,-0.0021007085728032004,-0.003308490005151987,0.04214673634189803,-0.012313817790704285,-0.013134939005667243,4.0,27244.0,0.0050174201105135305,0.009007304782523207,-0.013757000213981962,-0.08333333333333326,0.0,0.014483727221212273,0.013275945788863486,0.003308490005151987
glm,ALL,M3-M2,2,0.011797049425177564,0.1106330500966331,0.05882352941176472,0.08333333333333326,-0.025209798266081385,0.03672753488228453,0.04083125440224433,0.03672753488228453,0.04083125440224433,0.004103719519959803,0.22260541760848895,0.005158688926492072,0.013618403725829703,-1.0,25767.0,7.52343043608078e-05,0.9990782562715431,0.004728945667859974,0.08333333333333326,3.5,0.049810117358171646,0.013082582475887117,-0.004103719519959803
glm,ALL,M3-M2,3,0.01867055451015122,0.11556012360902401,0.050420168067226934,0.25,0.017234146729252386,0.05079668430951889,0.041115803334545786,0.05079668430951889,0.041115803334545786,-0.009680880974973105,0.3318384612288843,0.02857185807791829,-0.05467645472307009,-2.0,23939.0,0.0024612129627116577,1.3526962429207343,0.030818724533237196,0.16666666666666669,-4.5,0.0079996585387353,-0.04279702577078359,0.009680880974973105
glm,ALL,M3-M1,1,0.0063912838632015564,0.043508632321502594,0.004201680672268893,0.08333333333333326,0.011427362087719772,0.05720136541626497,0.046213520425368526,0.05720136541626497,0.046213520425368526,-0.010987844990896445,0.3141419716519249,0.01738713988629681,-0.06129119275794136,3.0,48329.0,-0.005666770738469426,1.2820448054947091,0.0162792960942153,0.25000000000000006,-3.0,0.014483727221212273,-0.0427176381950527,0.010987844990896445
glm,ALL,M3-M1,2,0.019838130843477367,0.19753113592687727,0.09243697478991597,0.25,-0.0007554534862243001,0.05740534100383399,0.057211276791074295,0.05740534100383399,0.057211276791074295,-0.00019406421275969254,0.3048115620929478,0.01943564265026254,-0.00990908358159831,1.0,48893.0,-0.013554071758625955,1.5225353199633687,0.025237813340439286,0.08333333333333326,4.0,0.049810117358171646,-0.007595223645662341,0.00019406421275969254
glm,ALL,M3-M1,3,0.0006552875087322413,0.004208189219768621,0.012605042016806789,0.08333333333333337,0.02749096732647649,0.013461623980579818,0.007133334067223052,0.013461623980579818,0.007133334067223052,-0.006328289913356766,0.05472332687868897,-0.001647339947192572,-0.02871091656426461,0.0,48342.0,-0.00643492214458586,0.31025555241963026,0.0028002809777800675,0.0,-4.5,0.0079996585387353,-0.0054619654418445185,0.006328289913356766
glm,ALL,M3-M0,1,-0.02184012728434126,-0.1906403186737311,-0.07983193277310918,-0.16666666666666674,0.006418635435445963,-0.009287415351693529,-0.018263116517597933,-0.009287415351693529,-0.018263116517597933,-0.008975701165904404,-0.032582511358656974,-0.01509189956098378,-0.034809451132493965,1.0,71709.0,0.005842373905363407,-0.28835426712209394,-0.017522063923322118,-0.08333333333333326,0.0,0.014483727221212273,0.0237711425729058,0.008975701165904404
glm,ALL,M3-M0,2,0.018312433559897888,0.1676065030003957,0.08823529411764708,0.33333333333333326,-9.619206501110256e-06,0.060861958643553926,0.0625728306858202,0.060861958643553926,0.0625728306858202,0.001710872042266276,0.3535018760529308,0.010993890586638022,-0.0034552516210875073,-1.0,72838.0,-0.0034283018496666096,1.6526033340125328,0.020814882985422112,0.16666666666666663,0.0,0.049810117358171646,-0.01105184128538228,-0.001710872042266276
glm,ALL,M3-M0,3,-0.010659016950271931,-0.21979748364698315,-0.10084033613445376,-0.08333333333333326,0.03848990361691029,-0.01779781584950646,-0.020019277367221422,-0.01779781584950646,-0.020019277367221422,-0.002221461517714962,-0.04482542648375665,-0.009132138799398337,-0.007487207665922951,-1.0,71732.0,0.009017084375782282,-0.5443704536072365,-0.011574584263366883,0.0,4.0,0.0079996585387353,0.02579747438824176,0.002221461517714962
glm,C26,M1-M0,1,-0.0282989811523829,-0.2211750727501553,-0.134453781512605,-0.25,0.015910762088937602,-0.015178949503523498,-0.021557956157418623,-0.015178949503523498,-0.021557956157418623,-0.006379006653895125,-0.0838955287922567,0.012300155931219026,-0.025560456498451595,-1.0,22935.0,0.0027854907326307216,-0.30672421985411447,-0.005331231765271172,-0.08333333333333326,0.0,0.01701278880915902,0.032191738312682516,0.006379006653895125
glm,C26,M1-M0,2,-0.007142804914847135,-0.05034597620777259,-0.054621848739495826,0.08333333333333337,0.050548789116391046,0.15729523106175824,0.13707463250183016,0.15729523106175824,0.13707463250183016,-0.020220598559928082,0.8277545478703837,0.08383216035219754,-0.1194013564665211,-3.0,23137.0,-0.012156075544205537,2.81377540815522,0.08966797858096287,0.4166666666666667,0.0,0.05937750135030628,-0.09791772971145196,0.020220598559928082
glm,C26,M1-M0,3,0.0028392386008200404,-0.014130909393198943,-0.04621848739495793,0.08333333333333337,0.04994126904942675,0.028372958759729228,0.035711562819303766,0.028372958759729228,0.035711562819303766,0.007338604059574538,0.16939229165463032,0.004336619035054001,0.02875486267434718,2.0,22926.0,0.005339520018455897,0.5498783670882379,-0.010136943780575391,0.08333333333333331,0.0,-0.0035325025310780633,-0.03190546129080729,-0.007338604059574538
glm,C26,M2-M1,1,-0.008784681511418629,-0.05979109053136483,-0.008403361344537896,0.0,0.03104193052255866,-0.03182479898761681,-0.0414959793712667,-0.03182479898761681,-0.0414959793712667,-0.009671180383649891,-0.09895907937213777,-0.020693026863126573,-0.0420141087844669,0.0,21146.0,0.007079600894053718,-0.5303560724701768,-0.028502263185199883,-0.25000000000000006,0.0,-0.01481201017845779,0.01701278880915902,0.009671180383649891
glm,C26,M2-M1,2,0.0024389696698880713,-0.011632920074020697,0.02941176470588236,0.0,4.681308205078949e-05,-0.05911660781832695,-0.0524569349333347,-0.05911660781832695,-0.0524569349333347,0.0066596728849922515,-0.3135842223197627,-0.03560355762749301,0.03674934753104819,2.0,24104.0,0.01204653142382344,-1.1244042818471383,-0.04603479734828908,-0.3333333333333333,-5.0,0.00026089353197933374,0.05937750135030628,-0.0066596728849922515
glm,C26,M2-M1,3,-0.009684678023696085,-0.07497500427716133,0.008403361344537785,-0.08333333333333337,0.007623785245781445,-0.05735977874639364,-0.06988348262228061,-0.05735977874639364,-0.06988348262228061,-0.012523703875886971,-0.37177557621728974,-0.026853226584929724,-0.04986242824854466,-2.0,21807.0,0.0010650942886581832,-1.0333137992570418,-0.03738247522229465,0.0,0.0,-0.060892281277471705,-0.0035325025310780633,0.012523703875886971
glm,C26,M3-M2,1,-0.006727052315465443,-0.020331036074933834,-0.008403361344537785,-0.08333333333333337,-0.06608654093335542,-0.02354599633788601,-0.011896585708468521,-0.02354599633788601,-0.011896585708468521,0.01164941062941749,-0.2644583779223799,0.00943512686891379,0.061406457831246486,0.0,27612.0,-0.005300896527317266,-0.5324386172271234,0.001048406569801763,0.16666666666666669,0.0,-0.0383580065163438,-0.01481201017845779,-0.01164941062941749
glm,C26,M3-M2,2,0.008142447960552558,0.06216288216320451,0.037815126050420145,-0.08333333333333337,-0.011271425299311133,-0.04994026547953079,-0.054167159644472274,-0.04994026547953079,-0.054167159644472274,-0.004226894164941486,-0.3563652968260934,-0.0010714997459867481,-0.014262741981352592,0.0,25195.0,-0.009052618948110928,-0.9969697183468799,0.010090257621381604,0.0,5.0,-0.049679371947551454,0.00026089353197933374,0.004226894164941486
glm,C26,M3-M2,3,-0.006026724635887184,-0.008900212587642148,0.025210084033613467,-0.25,-0.03729459622419029,0.03709406545104077,0.04639501547108116,0.03709406545104077,0.04639501547108116,0.009300950020040388,0.2865137279187502,-0.005712899970290564,0.03914916882444398,2.0,28890.0,-0.007719828866708425,0.6549319862812573,0.04090357569585612,-0.08333333333333331,0.0,-0.023798215826430935,-0.060892281277471705,-0.009300950020040388
glm,C26,M3-M1,1,-0.015511733826884071,-0.08012212660629867,-0.01680672268907568,-0.08333333333333337,-0.03504461041079676,-0.05537079532550282,-0.05339256507973522,-0.05537079532550282,-0.05339256507973522,0.001978230245767598,-0.3634174572945177,-0.011257899994212783,0.019392349046779583,0.0,48758.0,0.0017787043667364527,-1.0627946896973,-0.02745385661539812,-0.08333333333333337,0.0,-0.0383580065163438,0.01701278880915902,-0.001978230245767598
glm,C26,M3-M1,2,0.01058141763044063,0.05052996208918381,0.0672268907563025,-0.08333333333333337,-0.011224612217260344,-0.10905687329785774,-0.10662409457780697,-0.10905687329785774,-0.10662409457780697,0.0024327787200507656,-0.6699495191458561,-0.03667505737347976,0.0224866055496956,2.0,49299.0,0.0029939124757125124,-2.121374000194018,-0.035944539726907476,-0.3333333333333333,0.0,-0.049679371947551454,0.05937750135030628,-0.0024327787200507656
glm,C26,M3-M1,3,-0.01571140265958327,-0.08387521686480348,0.03361344537815125,-0.33333333333333337,-0.029670810978408846,-0.020265713295352872,-0.023488467151199455,-0.020265713295352872,-0.023488467151199455,-0.003222753855846583,-0.08526184829853956,-0.03256612655522029,-0.010713259424100674,0.0,50697.0,-0.006654734578050242,-0.37838181297578444,0.003521100473561467,-0.08333333333333331,0.0,-0.023798215826430935,-0.0035325025310780633,0.003222753855846583
glm,C26,M3-M0,1,-0.043810714979266974,-0.30129719935645394,-0.1512605042016807,-0.33333333333333337,-0.01913384832185916,-0.07054974482902632,-0.07495052123715384,-0.07054974482902632,-0.07495052123715384,-0.004400776408127527,-0.4473129860867744,0.0010422559370062423,-0.006168107451672011,-1.0,71693.0,0.004564195099367174,-1.3695189095514144,-0.03278508838066929,-0.16666666666666663,0.0,-0.0383580065163438,0.032191738312682516,0.004400776408127527
glm,C26,M3-M0,2,0.003438612715593495,0.0001839858814112194,0.012605042016806678,0.0,0.0393241768991307,0.04823835776390051,0.03045053792402319,0.04823835776390051,0.03045053792402319,-0.017787819839877317,0.15780502872452762,0.04715710297871778,-0.0969147509168255,-1.0,72436.0,-0.009162163068493025,0.6924014079612019,0.053723438854055394,0.08333333333333337,0.0,-0.049679371947551454,-0.09791772971145196,0.017787819839877317
glm,C26,M3-M0,3,-0.012872164058763229,-0.09800612625800242,-0.012605042016806678,-0.25,0.020270458071017905,0.008107245464376356,0.012223095668104311,0.008107245464376356,0.012223095668104311,0.004115850203727955,0.08413044335609077,-0.028229507520166286,0.018041603250246507,2.0,73623.0,-0.0013152145595943451,0.1714965541124534,-0.006615843307013924,0.0,0.0,-0.023798215826430935,-0.03190546129080729,-0.004115850203727955
glm,C35,M1-M0,1,-0.019776395278022725,-0.12047732402113231,-0.03361344537815125,-0.08333333333333337,0.027339995469126133,-0.02900730709514754,-0.029211581597229586,-0.02900730709514754,-0.029211581597229586,-0.0002042745020820469,-0.174823182715667,-0.022814993415695817,0.009001426963154757,-3.0,23411.0,0.0027043752750644384,-0.5407716000945355,-0.03163284312716641,0.0,0.0,-0.027216877773249992,0.0017904293218975464,0.0002042745020820469
glm,C35,M1-M0,2,-0.0013433389738734189,0.019170432031116957,0.037815126050420145,0.0,0.00048384649558785853,0.011483014337020259,0.00131626550088626,0.011483014337020259,0.00131626550088626,-0.010166748836133999,-0.004517795092619403,0.009713020886660373,-0.0515606927553825,-3.0,24428.0,-0.0025488086019708894,0.21423222129446184,-0.001219537950775229,-0.08333333333333337,4.0,0.028383589831122324,0.016900575494102066,0.010166748836133999
glm,C35,M1-M0,3,-2.2373909485486065e-05,-0.0045820049334194535,0.0,0.0,-0.005486321752897427,0.021382246745792033,0.018657852920913043,0.021382246745792033,0.018657852920913043,-0.00272439382487899,0.029002753021020178,0.019222892458671703,-0.01731712165334956,0.0,23643.0,-0.009391990094968286,0.34934839432848014,0.003140620602612998,0.0,-7.0,0.03421732075297235,0.012835074007180314,0.00272439382487899
glm,C35,M2-M1,1,0.01601225296715634,0.12520243883947868,0.0672268907563025,0.16666666666666674,-0.043001179029145686,0.0549888948188606,0.061720801389865465,0.0549888948188606,0.061720801389865465,0.006731906571004864,0.2630664433685944,0.054343043301842586,0.01937335123164549,1.0,24499.0,-0.00812098180439099,1.0369853103471816,0.03901977684552904,0.0,0.0,0.02777201704561061,-0.027216877773249992,-0.006731906571004864
glm,C35,M2-M1,2,0.005723231971474313,-0.003456952632747312,0.008403361344537896,0.08333333333333337,0.025172701188713176,-0.011367636435013706,-0.009268992473178694,-0.011367636435013706,-0.009268992473178694,0.0020986439618350117,-0.008325670651248784,-0.00555897619800505,0.012990082079014198,1.0,21239.0,0.003200834199261947,-0.22388974363925218,0.009248886329480288,0.16666666666666663,0.0,0.01701595339610862,0.028383589831122324,-0.0020986439618350117
glm,C35,M2-M1,3,-0.003715742242959716,0.043217606028357114,0.04621848739495793,0.0,-0.04033245191953161,-0.03039424559010817,-0.03219632027264474,-0.03039424559010817,-0.03219632027264474,-0.0018020746825365697,-0.47298180449510197,-0.02213056745281028,-0.00434695010047334,0.0,21551.0,-0.011814343959419854,-0.6229407874017998,-0.024391068844369035,-0.08333333333333337,7.0,0.0038230751628641757,0.03421732075297235,0.0018020746825365697
glm,C35,M3-M2,1,0.014751589551773296,0.11670701765442065,0.037815126050420145,0.0,0.01849678756456019,0.02282440292800847,0.012781958458473075,0.02282440292800847,0.012781958458473075,-0.010042444469535394,0.06068947597642127,0.012010352025431437,-0.052463492012222085,6.0,25750.0,-0.004343784999523974,0.4803548316551205,-0.00390149308744403,0.0,0.0,0.05059641997361908,0.02777201704561061,0.010042444469535394
glm,C35,M3-M2,2,-0.023678522441095654,-0.15235043714202212,-0.06722689075630262,-0.16666666666666674,-0.02274570209778104,-0.05092761136789137,-0.047828450962260516,-0.05092761136789137,-0.047828450962260516,0.003099160405630852,-0.2914808468411657,-0.048391054364124386,0.026140652654983443,4.0,29985.0,-0.002674474853906504,-1.0578228136299213,-0.00857530837175191,-0.08333333333333326,0.0,-0.03391165797178275,0.01701595339610862,-0.003099160405630852
glm,C35,M3-M2,3,-0.0061837718833674185,-0.07481285612539657,-0.05042016806722682,0.0,0.02524034632502614,0.012314786939664701,0.013267551997876104,0.012314786939664701,0.013267551997876104,0.0009527650582114022,0.2894866019394886,0.017869454235633575,0.005803159610257763,4.0,28768.0,3.5471267482108104e-05,0.340188546908588,0.027750525187580144,-0.08333333333333331,0.0,0.016137862102528877,0.0038230751628641757,-0.0009527650582114022
glm,C35,M3-M1,1,0.030763842518929635,0.24190945649389933,0.10504201680672265,0.16666666666666674,-0.024504391464585495,0.07781329774686907,0.07450275984833854,0.07781329774686907,0.07450275984833854,-0.00331053789853053,0.3237559193450157,0.06635339532727402,-0.033090140780576593,7.0,50249.0,-0.012464766803914964,1.517340142002302,0.03511828375808501,0.0,0.0,0.05059641997361908,-0.027216877773249992,0.00331053789853053
glm,C35,M3-M1,2,-0.01795529046962134,-0.15580738977476943,-0.05882352941176472,-0.08333333333333337,0.002426999090932136,-0.062295247802905074,-0.05709744343543921,-0.062295247802905074,-0.05709744343543921,0.005197804367465864,-0.2998065174924145,-0.053950030562129436,0.03913073473399764,5.0,51224.0,0.0005263593453554427,-1.2817125572691734,0.0006735779577283774,0.08333333333333337,0.0,-0.03391165797178275,0.028383589831122324,-0.005197804367465864
glm,C35,M3-M1,3,-0.009899514126327134,-0.03159525009703945,-0.004201680672268893,0.0,-0.015092105594505467,-0.01807945865044347,-0.018928768274768637,-0.01807945865044347,-0.018928768274768637,-0.0008493096243251674,-0.18349520255561336,-0.004261113217176704,0.001456209509784423,4.0,50319.0,-0.011778872691937746,-0.2827522404932118,0.003359456343211109,-0.16666666666666669,7.0,0.016137862102528877,0.03421732075297235,0.0008493096243251674
glm,C35,M3-M0,1,0.01098744724090691,0.12143213247276702,0.0714285714285714,0.08333333333333337,0.002835604004540637,0.04880599065172153,0.045291178251108954,0.04880599065172153,0.045291178251108954,-0.003514812400612577,0.1489327366293487,0.043538401911578206,-0.024088713817421836,4.0,73660.0,-0.009760391528850526,0.9765685419077665,0.0034854406309186015,0.0,0.0,0.05059641997361908,0.0017904293218975464,0.003514812400612577
glm,C35,M3-M0,2,-0.01929862944349476,-0.13663695774365248,-0.021008403361344574,-0.08333333333333337,0.0029108455865199945,-0.050812233465884815,-0.05578117793455295,-0.050812233465884815,-0.05578117793455295,-0.004968944468668135,-0.3043243125850339,-0.04423700967546906,-0.012429958021384857,2.0,75652.0,-0.0020224492566154467,-1.0674803359747116,-0.0005459599930468517,0.0,4.0,-0.03391165797178275,0.016900575494102066,0.004968944468668135
glm,C35,M3-M0,3,-0.00992188803581262,-0.036177255030458905,-0.004201680672268893,0.0,-0.020578427347402894,0.0033027880953485633,-0.0002709153538555942,0.0033027880953485633,-0.0002709153538555942,-0.0035737034492041575,-0.15449244953459318,0.014961779241494999,-0.015860912143565137,4.0,73962.0,-0.021170862786906032,0.06659615383526835,0.006500076945824107,-0.16666666666666669,0.0,0.016137862102528877,0.012835074007180314,0.0035737034492041575
glm,C39,M1-M0,1,-0.009938560782687081,-0.0924485151453098,-0.04201680672268904,-0.08333333333333337,0.12098084203672177,-0.033045024265121126,-0.05536667258874828,-0.033045024265121126,-0.05536667258874828,-0.022321648323627152,-0.18595454664048672,0.0018680078086851237,-0.08327477436212005,2.0,22748.0,0.003261073774157741,-0.5547724638264327,0.0009914018164453031,-0.24999999999999994,6.0,-0.00815435379622409,0.024890670468897036,0.022321648323627152
glm,C39,M1-M0,2,0.008628282269476224,0.052176030653817235,0.037815126050420145,0.0,0.02703272976388127,0.016205492834359903,0.010238920757647874,0.016205492834359903,0.010238920757647874,-0.005966572076712029,0.07606272528952251,0.0076888066049798365,-0.02940112859057073,-1.0,23338.0,-0.003197664511214976,0.24908764780355996,0.015593895755013243,0.0,-7.0,-0.03185664232165186,-0.048062135156011765,0.005966572076712029
glm,C39,M1-M0,3,0.02563454808627258,0.23615596001535702,0.11764705882352933,0.16666666666666663,-0.035662977861770195,0.03588416808184136,0.04325077543449296,0.03588416808184136,0.04325077543449296,0.0073666073526516,0.1762906913931196,0.024949217907201504,0.023844926793778504,1.0,23966.0,-0.003167382980287646,0.6474684567688689,0.04495001190906123,0.0,-1.0,-0.02442544970175664,-0.060309617783598,-0.0073666073526516
glm,C39,M2-M1,1,-0.005163824120719019,-0.01562499832885153,0.004201680672268893,0.08333333333333337,-0.06175798211004946,-0.02056147392438279,-0.004045348720318587,-0.02056147392438279,-0.004045348720318587,0.016516125204064203,-0.04066974479567609,-0.0006198342261592993,0.07307933624689333,-3.0,22698.0,0.004801406853241097,-0.2588000976414348,0.0007167062684702019,0.0,0.0,-0.02871582772060688,-0.00815435379622409,-0.016516125204064203
glm,C39,M2-M1,2,0.0008578681242233099,0.008311858172902115,-0.0672268907563025,0.0,-0.021980752725564878,0.05626153540873535,0.06485397634630186,0.05626153540873535,0.06485397634630186,0.008592440937566503,0.3476913231170522,0.01132321338371034,0.023718952799567844,2.0,23076.0,0.00027249758469279073,1.0270462869976342,0.029300859740727048,0.16666666666666669,-3.0,0.02440489308708349,-0.03185664232165186,-0.008592440937566503
glm,C39,M2-M1,3,-0.052270147346968776,-0.3785517689871732,-0.15546218487394953,-0.16666666666666663,-0.09615947815139514,-0.03854815253385724,-0.03438515055028113,-0.03854815253385724,-0.03438515055028113,0.004163001983576109,-0.14059000112521114,-0.03619187333301943,0.03277657592153008,-2.0,23652.0,0.0055367824934679025,-0.6264112575199532,-0.010007845469736432,-0.08333333333333331,4.0,-0.06297360223561388,-0.02442544970175664,-0.004163001983576109
glm,C39,M3-M2,1,-0.00725883550585176,-0.05944596850067088,-0.012605042016806678,-0.08333333333333337,0.05935279794567905,-0.0358252989327259,-0.05910916339526018,-0.0358252989327259,-0.05910916339526018,-0.023283864462534276,-0.22412481371298343,-0.03548106389902783,-0.09546286343568547,2.0,26510.0,-0.0014832550676280448,-0.6121541895556015,-0.04028015319718059,0.0,-13.5,-0.06454112665333278,-0.02871582772060688,0.023283864462534276
glm,C39,M3-M2,2,-0.005028711111220656,-0.023927736498073143,0.012605042016806678,0.0,0.010344916779249202,-0.016628199625102646,-0.021103096140258293,-0.016628199625102646,-0.021103096140258293,-0.004474896515155646,-0.11013838346759641,0.00042692909653962996,-0.016260786272570216,0.0,24200.0,0.001177820886327105,-0.30847545017110933,-0.003186716356400443,-0.08333333333333337,-9.0,0.007776693461980844,0.02440489308708349,0.004474896515155646
glm,C39,M3-M2,3,0.019025609040256183,0.09967399813967853,0.04201680672268909,0.0,0.13269918527312274,0.05715066515847933,0.043759275346215376,0.05715066515847933,0.043759275346215376,-0.013391389812263954,0.2787385663479356,0.02102364111712063,-0.0744690375315876,4.0,26119.0,0.0027116328815655205,1.0302323993954698,0.0062412881932021325,0.08333333333333331,-6.0,-0.005822937077134549,-0.06297360223561388,0.013391389812263954
glm,C39,M3-M1,1,-0.012422659626570779,-0.07507096682952241,-0.008403361344537785,0.0,-0.002405184164370411,-0.05638677285710869,-0.06315451211557876,-0.05638677285710869,-0.06315451211557876,-0.0067677392584700735,-0.2647945585086595,-0.03610089812518713,-0.022383527188792135,-1.0,49208.0,0.003318151785613052,-0.8709542871970364,-0.03956344692871039,0.0,-13.5,-0.06454112665333278,-0.00815435379622409,0.0067677392584700735
glm,C39,M3-M1,2,-0.004170842986997346,-0.015615878325171029,-0.054621848739495826,0.0,-0.011635835946315676,0.039633335783632706,0.04375088020604356,0.039633335783632706,0.04375088020604356,0.004117544422410857,0.23755293964945579,0.01175014248024997,0.007458166526997628,2.0,47276.0,0.0014503184710198957,0.718570836826525,0.026114143384326605,0.08333333333333331,-12.0,0.007776693461980844,-0.03185664232165186,-0.004117544422410857
glm,C39,M3-M1,3,-0.03324453830671259,-0.27887777084749465,-0.11344537815126043,-0.16666666666666663,0.036539707121727605,0.018602512624622092,0.009374124795934247,0.018602512624622092,0.009374124795934247,-0.009228387828687845,0.13814856522272445,-0.015168232215898803,-0.04169246161005752,2.0,49771.0,0.008248415375033423,0.4038211418755167,-0.003766557276534299,0.0,-2.0,-0.005822937077134549,-0.02442544970175664,0.009228387828687845
glm,C39,M3-M0,1,-0.022361220409257858,-0.1675194819748322,-0.05042016806722682,-0.08333333333333337,0.11857565787235136,-0.08943179712222982,-0.11852118470432704,-0.08943179712222982,-0.11852118470432704,-0.029089387582097226,-0.45074910514914623,-0.03423289031650201,-0.10565830155091219,1.0,71956.0,0.006579225559770793,-1.4257267510234692,-0.038572045112265085,-0.24999999999999994,-7.5,-0.06454112665333278,0.024890670468897036,0.029089387582097226
glm,C39,M3-M0,2,0.004457439282478878,0.036560152328646206,-0.01680672268907568,0.0,0.015396893817565593,0.05583882861799261,0.05398980096369144,0.05583882861799261,0.05398980096369144,-0.0018490276543011719,0.3136156649389783,0.019438949085229806,-0.0219429620635731,1.0,70614.0,-0.0017473460401950802,0.967658484630085,0.04170803913933985,0.08333333333333331,-19.0,0.007776693461980844,-0.048062135156011765,0.0018490276543011719
glm,C39,M3-M0,3,-0.007609990220440014,-0.04272181083213766,0.004201680672268893,0.0,0.0008767292599574095,0.05448668070646345,0.05262490023042721,0.05448668070646345,0.05262490023042721,-0.0018617804760362455,0.31443925661584404,0.009780985691302702,-0.017847534816279015,3.0,73737.0,0.005081032394745777,1.0512895986443855,0.04118345463252693,0.0,-3.0,-0.005822937077134549,-0.060309617783598,0.0018617804760362455
deepseek,ALL,M1-M0,1,-0.01385306105935482,-0.14339581265693319,-0.05882352941176472,-0.08333333333333326,0.010059242905956944,0.0035101757091698937,0.0036235502251433793,0.0035101757091698937,0.0036235502251433793,0.00011337451597348558,0.04234656292086436,-0.003516981633013949,0.00037144908653247155,-1.0,23572.0,0.0042490671089362095,0.04425877994444016,-0.004254380482631492,-0.08333333333333337,3.0,0.023843536240490626,0.020333360531320732,-0.00011337451597348558
deepseek,ALL,M1-M0,2,-0.016759850479368836,-0.12439429610004155,-0.054621848739495826,-0.16666666666666674,0.019700379815341007,0.022839460190050453,0.02580675223603135,0.022839460190050453,0.02580675223603135,0.002967292045980896,0.10729514731840395,0.0164926552672352,0.00593689650493906,-1.0,24689.0,-0.007771679885253006,0.48795975406326353,0.02525437663417296,0.0,3.0,-0.011056254445945712,-0.033895714635996166,-0.002967292045980896
deepseek,ALL,M1-M0,3,-0.018197331093945335,-0.19817298357186985,-0.07563025210084029,-0.16666666666666663,0.011182922760327063,-0.012680357613657045,-0.01681578573284359,-0.012680357613657045,-0.01681578573284359,-0.004135428119186546,0.01726117227488677,-0.01324471173741748,-0.016808744072474457,-2.0,24186.0,0.016038034347873445,-0.0927864235361332,-0.013625181883984427,0.0,0.0,-0.03247118167913954,-0.019790824065482493,0.004135428119186546
deepseek,ALL,M2-M1,1,-0.000363689595542456,0.028191057951580833,0.004201680672269004,-0.08333333333333337,0.004586814691259766,0.004831999024471845,0.003501084217609418,0.004831999024471845,0.003501084217609418,-0.0013309148068624266,-0.019252611658515106,0.005580020509616257,-0.007110734096191312,-2.0,22573.0,-0.008923576369577892,0.25736516439895873,0.008652795286415493,0.16666666666666663,0.0,0.02867553526496247,0.023843536240490626,0.0013309148068624266
deepseek,ALL,M2-M1,2,0.0052568056493604645,-0.03632357921728041,-0.03361344537815125,-0.08333333333333326,0.0005527814409753695,-0.043360613950216176,-0.04430089724866537,-0.043360613950216176,-0.04430089724866537,-0.000940283298449196,-0.22475232644028809,-0.03169769140913303,0.008864578874329343,0.0,22419.0,0.008056531014819734,-0.9773349986489238,-0.03793776880233668,-0.08333333333333337,0.0,-0.05441686839616189,-0.011056254445945712,0.000940283298449196
deepseek,ALL,M2-M1,3,0.004737983707859383,0.08532337038434795,0.008403361344537785,0.0,-0.011191881600063569,0.015594138351258113,0.01788680211132765,0.015594138351258113,0.01788680211132765,0.0022926637600695354,-0.05503675970703403,0.015590326909611263,0.007483968590294099,1.0,23984.0,-0.02094409118197607,0.09288528671406615,0.020113838723477273,0.0,-3.0,-0.016877043327881425,-0.03247118167913954,-0.0022926637600695354
deepseek,ALL,M3-M2,1,0.026187402254342726,0.3780022437180079,0.19327731092436973,0.25,-0.06439679714978741,0.029277055879586067,0.03611178184879438,0.029277055879586067,0.03611178184879438,0.006834725969208311,0.14445516362290967,0.006101888753249796,0.02405336005087405,4.0,27465.0,-0.0004953941884899282,0.842931130276606,0.0061932483136794,0.16666666666666674,-85.5,0.05795259114454854,0.02867553526496247,-0.006834725969208311
deepseek,ALL,M3-M2,2,0.010882737857697028,0.15691983104365675,0.09243697478991597,0.25,0.027902014489755045,0.06060325838808156,0.05709896541090087,0.06060325838808156,0.05709896541090087,-0.0035042929771806897,0.26971162405104987,0.04707561454608011,-0.0296875910490339,2.0,29881.0,-0.013933846108688003,1.440542578724653,0.047732953104935194,0.16666666666666669,-3.5,0.006186389991919672,-0.05441686839616189,0.0035042929771806897
deepseek,ALL,M3-M2,3,0.006911551843976703,0.03811443208252091,0.025210084033613467,0.16666666666666663,0.008087052248912263,0.02487041258678413,0.023295395070795588,0.02487041258678413,0.023295395070795588,-0.0015750175159885416,0.1567042902537944,0.01759377570335985,-0.012169387603501697,-1.0,26470.0,2.7839948798742686e-05,0.6538015980920308,0.014204437076145271,0.16666666666666663,-163.5,0.007993369258902705,-0.016877043327881425,0.0015750175159885416
deepseek,ALL,M3-M1,1,0.02582371265880027,0.4061933016695887,0.19747899159663873,0.16666666666666663,-0.059809982458527644,0.03410905490405791,0.039612866066403796,0.03410905490405791,0.039612866066403796,0.005503811162345884,0.12520255196439456,0.011681909262866053,0.01694262595468274,2.0,50038.0,-0.00941897055806782,1.1002962946755648,0.014846043600094894,0.33333333333333337,-85.5,0.05795259114454854,0.023843536240490626,-0.005503811162345884
deepseek,ALL,M3-M1,2,0.016139543507057492,0.12059625182637634,0.05882352941176472,0.16666666666666674,0.028454795930730414,0.017242644437865384,0.012798068162235499,0.017242644437865384,0.012798068162235499,-0.004444576275629886,0.044959297610761784,0.01537792313694708,-0.020823012174704558,2.0,52300.0,-0.005877315093868268,0.4632075800757294,0.009795184302598514,0.08333333333333331,-3.5,0.006186389991919672,-0.011056254445945712,0.004444576275629886
deepseek,ALL,M3-M1,3,0.011649535551836086,0.12343780246686886,0.03361344537815125,0.16666666666666663,-0.003104829351151306,0.04046455093804224,0.04118219718212324,0.04046455093804224,0.04118219718212324,0.0007176462440809939,0.10166753054676037,0.03318410261297111,-0.004685419013207598,0.0,50454.0,-0.02091625123317733,0.7466868848060969,0.034318275799622544,0.16666666666666663,-166.5,0.007993369258902705,-0.03247118167913954,-0.0007176462440809939
deepseek,ALL,M3-M0,1,0.01197065159944545,0.26279748901265554,0.138655462184874,0.08333333333333337,-0.0497507395525707,0.037619230613227805,0.043236416291547175,0.037619230613227805,0.043236416291547175,0.00561718567831937,0.16754911488525892,0.008164927629852103,0.01731407504121521,1.0,73610.0,-0.00516990344913161,1.1445550746200048,0.010591663117463401,0.25,-82.5,0.05795259114454854,0.020333360531320732,-0.00561718567831937
deepseek,ALL,M3-M0,2,-0.0006203069723113436,-0.003798044273665202,0.004201680672268893,0.0,0.04815517574607142,0.04008210462791584,0.03860482039826685,0.04008210462791584,0.03860482039826685,-0.0014772842296489896,0.15225444492916573,0.03187057840418228,-0.014886115669765498,1.0,76989.0,-0.013648994979121275,0.9511673341389929,0.03504956093677147,0.08333333333333331,-0.5,0.006186389991919672,-0.033895714635996166,0.0014772842296489896
deepseek,ALL,M3-M0,3,-0.0065477955421092485,-0.07473518110500099,-0.04201680672268904,0.0,0.008078093409175757,0.027784193324385198,0.024366411449279646,0.027784193324385198,0.024366411449279646,-0.003417781875105552,0.11892870282164714,0.01993939087555363,-0.021494163085682055,-2.0,74640.0,-0.0048782168853038835,0.6539004612699637,0.020693093915638117,0.16666666666666663,-166.5,0.007993369258902705,-0.019790824065482493,0.003417781875105552
deepseek,C26,M1-M0,1,-0.02619229266395874,-0.14195607544031194,-0.050420168067226934,0.0,0.003995410765782359,-0.0113557819240091,-0.02348655415958667,-0.0113557819240091,-0.02348655415958667,-0.01213077223557757,-0.07305064152415375,-0.004894921318912671,-0.0550020639490114,-4.0,25964.0,-0.0016702155635379412,-0.2099601162558491,0.006052003018313656,-0.08333333333333331,0.0,-0.048501211641133524,-0.03714542971712442,0.01213077223557757
deepseek,C26,M1-M0,2,0.009968555638382247,0.10026964833764007,0.021008403361344574,0.16666666666666663,-0.05800516485584151,0.10808889131275012,0.11433685565555318,0.10808889131275012,0.11433685565555318,0.0062479643428030585,0.5576719227591783,0.060909752517686155,0.01370650558252659,-1.0,24271.0,-0.013738154134678757,1.5992229888801848,0.05346937402053298,0.25,0.0,0.0013937412720833597,-0.10669515004066676,-0.0062479643428030585
deepseek,C26,M1-M0,3,-0.02660887238405462,-0.17035925043014882,-0.09663865546218486,0.0,0.015390358416985661,-0.009827299121277666,-0.016395661012275187,-0.009827299121277666,-0.016395661012275187,-0.0065683618909975205,-0.1983548948294157,-0.0035081918064439055,-0.030348169660333463,0.0,26797.0,-0.008129656986837958,-0.34461885701580774,-0.011179865254012933,0.0,0.0,-0.05960525059939914,-0.049777951478121474,0.0065683618909975205
deepseek,C26,M2-M1,1,0.018364905926102265,0.13048761749387344,0.05882352941176472,0.08333333333333326,-0.007253285660464903,0.0401185970647121,0.03886404146872047,0.0401185970647121,0.03886404146872047,-0.0012545555959916355,0.09388865467093266,0.024471911328008966,-0.009689140486774911,0.0,22948.0,-0.011664213916071815,0.5771129977410576,0.007860707628933095,0.08333333333333331,-5.0,-0.008382614576421421,-0.048501211641133524,0.0012545555959916355
deepseek,C26,M2-M1,2,0.013141327602114332,0.09252690556586782,0.04201680672268904,0.0,0.002981695110235272,-0.026081733642365545,-0.016404486143279384,-0.026081733642365545,-0.016404486143279384,0.009677247499086161,-0.07549822183745503,-0.009765595807714522,0.048814888381933486,1.0,22965.0,-0.0034719362965985323,-0.4226669675398913,0.024942553226305453,-0.08333333333333331,0.0,-0.024687992370282186,0.0013937412720833597,-0.009677247499086161
deepseek,C26,M2-M1,3,0.021283830303279322,0.19274316665475655,0.11344537815126055,0.08333333333333337,-0.028699219626349137,0.036932835762068184,0.0384304841081472,0.036932835762068184,0.0384304841081472,0.0014976483460790169,0.3445781893192229,-0.0021960101429916445,-0.0004499903722174625,-2.0,18367.0,0.004575572405391123,0.7744120277288308,0.013429156472199666,0.08333333333333331,0.0,-0.022672414837330956,-0.05960525059939914,-0.0014976483460790169
deepseek,C26,M3-M2,1,0.013940764215647772,0.14776339851553807,0.03361344537815125,0.16666666666666674,-0.042187288504242804,0.01712733271422029,0.02759383004094862,0.01712733271422029,0.02759383004094862,0.01046649732672833,0.06165966965096992,0.01550073785674444,0.04512174107135099,1.0,40330.0,0.0010389421746781063,0.3034766705496581,0.04102193881935601,-0.08333333333333331,5.0,0.008744718137798868,-0.008382614576421421,-0.01046649732672833
deepseek,C26,M3-M2,2,-0.00048551411460779487,0.008530273738707739,0.01680672268907557,-0.08333333333333337,0.04911558107001024,-0.01535447990238481,-0.022365121952356737,-0.01535447990238481,-0.022365121952356737,-0.007010642049971927,-0.17682375747230572,-0.010689299815847098,-0.031780606597325095,2.0,34540.0,-0.0013066117342056816,-0.34373529703645056,-0.05318092058145363,0.08333333333333331,0.0,-0.040042472272666996,-0.024687992370282186,0.007010642049971927
deepseek,C26,M3-M2,3,-0.015750917680815085,-0.15884302857521412,-0.07563025210084029,-0.16666666666666663,0.05843454078674015,0.012503162437402793,0.0019318316781617995,0.012503162437402793,0.0019318316781617995,-0.010571330759240993,-0.11544115880854744,0.018111884391292965,-0.05150427024432351,-1.0,34011.0,-0.006388334405839621,0.09878991643146118,-0.010116667941853064,0.0,0.0,-0.010169252399928164,-0.022672414837330956,0.010571330759240993
deepseek,C26,M3-M1,1,0.03230567014175004,0.2782510160094115,0.09243697478991597,0.25,-0.04944057416470771,0.05724592977893239,0.06645787150966909,0.05724592977893239,0.06645787150966909,0.009211941730736695,0.15554832432190258,0.039972649184753406,0.03543260058457608,1.0,63278.0,-0.010625271741393709,0.8805896682907157,0.0488826464482891,0.0,0.0,0.008744718137798868,-0.048501211641133524,-0.009211941730736695
deepseek,C26,M3-M1,2,0.012655813487506537,0.10105717930457556,0.05882352941176461,-0.08333333333333337,0.05209727618024551,-0.041436213544750355,-0.03876960809563612,-0.041436213544750355,-0.03876960809563612,0.0026666054491142344,-0.25232197930976075,-0.02045489562356162,0.01703428178460839,3.0,57505.0,-0.004778548030804214,-0.7664022645763419,-0.028238367355148175,0.0,0.0,-0.040042472272666996,0.0013937412720833597,-0.0026666054491142344
deepseek,C26,M3-M1,3,0.005532912622464237,0.033900138079542425,0.037815126050420256,-0.08333333333333326,0.029735321160391015,0.049435998199470976,0.040362315786309,0.049435998199470976,0.040362315786309,-0.009073682413161976,0.22913703051067547,0.01591587424830132,-0.05195426061654097,-3.0,52378.0,-0.0018127620004484979,0.873201944160292,0.0033124885303466023,0.08333333333333331,0.0,-0.010169252399928164,-0.05960525059939914,0.009073682413161976
deepseek,C26,M3-M0,1,0.006113377477791296,0.13629494056909958,0.04201680672268904,0.25,-0.04544516339892535,0.04589014785492329,0.042971317350082416,0.04589014785492329,0.042971317350082416,-0.0029188305048408747,0.08249768279774883,0.035077727865840735,-0.019569463364435324,-3.0,89242.0,-0.01229548730493165,0.6706295520348666,0.05493464946660276,-0.08333333333333331,0.0,0.008744718137798868,-0.03714542971712442,0.0029188305048408747
deepseek,C26,M3-M0,2,0.022624369125888784,0.20132682764221563,0.07983193277310918,0.08333333333333326,-0.005907888675595996,0.06665267776799977,0.07556724755991706,0.06665267776799977,0.07556724755991706,0.008914569791917293,0.30534994344941757,0.040454856894124536,0.03074078736713498,2.0,81776.0,-0.01851670216548297,0.832820724303843,0.025231006665384803,0.25,0.0,-0.040042472272666996,-0.10669515004066676,-0.008914569791917293
deepseek,C26,M3-M0,3,-0.021075959761590383,-0.1364591123506064,-0.05882352941176461,-0.08333333333333326,0.045125679577376676,0.03960869907819331,0.023966654774033813,0.03960869907819331,0.023966654774033813,-0.015642044304159497,0.03078213568125976,0.012407682441857415,-0.08230243027687444,-3.0,79175.0,-0.009942418987286455,0.5285830871444842,-0.00786737672366633,0.08333333333333331,0.0,-0.010169252399928164,-0.049777951478121474,0.015642044304159497
deepseek,C35,M1-M0,1,0.0015147510523020602,0.013988176140730613,-0.025210084033613467,0.0,0.02316424974209652,0.03590219912067005,0.03553031922524719,0.03590219912067005,0.03553031922524719,-0.00037187989542286637,0.1680173399663737,0.04257386586927081,-0.013549400098808673,-1.0,24708.0,-0.0016686703315123286,0.6174421057496011,0.0011680505550811793,0.0,2.0,0.06619316158628141,0.03029096246561136,0.00037187989542286637
deepseek,C35,M1-M0,2,-0.0030348597038582226,-0.027086451734646355,-0.012605042016806789,-0.16666666666666674,0.029081361331965372,0.06385745324473413,0.06696076089319858,0.06385745324473413,0.06696076089319858,0.0031033076484644484,0.2899004651305601,0.05608511999856414,-0.0021781656093311785,0.0,23134.0,-0.002258898668420689,1.179394160635951,0.01186318225287708,0.08333333333333326,2.0,0.09184841425484824,0.027990961010114113,-0.0031033076484644484
deepseek,C35,M1-M0,3,-0.035432790817593436,-0.3070670651327818,-0.11344537815126055,-0.33333333333333326,0.07131992043213864,-0.005381024985169125,-0.018449675083823225,-0.005381024985169125,-0.018449675083823225,-0.0130686500986541,0.023755261139011274,-0.015487646845539715,-0.061935729850080945,-2.0,24731.0,0.009047436330499231,-0.08923984604280479,0.0005255352842135075,0.0,0.0,-0.005129296300850461,0.0002517286843186639,0.0130686500986541
deepseek,C35,M2-M1,1,0.013537295657309288,0.08901954561884096,0.04621848739495793,0.08333333333333337,0.017301078737472775,0.010676645964692866,0.0024353969640636963,0.010676645964692866,0.0024353969640636963,-0.00824124900062917,0.016271122021159212,0.02120340215553984,-0.04235744509180961,-1.0,19131.0,-0.008200327878330471,0.34048638114921026,0.01979085399682612,0.08333333333333326,0.0,0.07686980755097428,0.06619316158628141,0.00824124900062917
deepseek,C35,M2-M1,2,-0.030086467034865595,-0.18536043881751885,-0.0714285714285714,-0.08333333333333326,0.002392069353063464,-0.11552281716162194,-0.12712124632302046,-0.11552281716162194,-0.12712124632302046,-0.011598429161398527,-0.629178375666493,-0.0855478152373833,-0.02671811316658107,-4.0,24302.0,-0.0008334450467779933,-2.2322110022876354,-0.02341426338054653,-0.08333333333333326,2.0,-0.023674402906773695,0.09184841425484824,0.011598429161398527
deepseek,C35,M2-M1,3,-0.001439080961995052,-0.013025303172828073,0.0,0.0,-0.03542278309615221,-0.01978341083632551,-0.009950169442972334,-0.01978341083632551,-0.009950169442972334,0.009833241393353176,-0.144037290278056,-0.011151712675294467,0.05357859249611435,2.0,20403.0,0.0007937198295801806,-0.4125257610630633,-0.01522865701664744,-0.08333333333333337,0.0,-0.02491270713717597,-0.005129296300850461,-0.009833241393353176
deepseek,C35,M3-M2,1,-0.006513629551501053,-0.015002507942539989,-0.012605042016806678,-0.16666666666666674,-0.041443408415642646,-0.018767589243694816,-0.01519820403007155,-0.018767589243694816,-0.01519820403007155,0.0035693852136232662,-0.18644294699869468,-0.038058705478189125,0.020032997386092904,4.0,31011.0,-0.005593708978845917,-0.28890011852401987,0.009929925877822265,0.0,-2.0,0.05810221830727946,0.07686980755097428,-0.0035693852136232662
deepseek,C35,M3-M2,2,0.028788609838989558,0.19068821423525678,0.09663865546218486,0.25,0.027173963531479384,0.1101562313953427,0.10495724877897383,0.1101562313953427,0.10495724877897383,-0.0051989826163688635,0.5424930888256335,0.07220666557956168,-0.04660832788155364,-2.0,23033.0,-0.00028143139093436687,2.1258610171819012,0.014349200952521124,0.16666666666666663,0.0,0.086481828488569,-0.023674402906773695,0.0051989826163688635
deepseek,C35,M3-M2,3,0.0130951144580824,0.08568414207411482,0.02941176470588236,0.16666666666666663,0.034284079256813205,0.09303338212354739,0.09145764987916327,0.09303338212354739,0.09145764987916327,-0.0015757322443841204,0.5686081826327521,0.0863780311976644,-0.032935084254493124,-2.0,27052.0,-0.0031830824637937433,1.8882867684887437,0.050795677381119786,0.16666666666666663,-4.0,0.06812067498637142,-0.02491270713717597,0.0015757322443841204
deepseek,C35,M3-M1,1,0.007023666105808235,0.07401703767630097,0.03361344537815125,-0.08333333333333337,-0.02414232967816987,-0.00809094327900195,-0.012762807066007853,-0.00809094327900195,-0.012762807066007853,-0.004671863787005903,-0.17017182497753547,-0.016855303322649284,-0.022324447705716705,3.0,50142.0,-0.013794036857176388,0.05158626262519039,0.029720779874648384,0.08333333333333326,-2.0,0.05810221830727946,0.06619316158628141,0.004671863787005903
deepseek,C35,M3-M1,2,-0.001297857195876037,0.005327775417737934,0.025210084033613467,0.16666666666666674,0.029566032884542848,-0.0053665857662792416,-0.022163997544046632,-0.0053665857662792416,-0.022163997544046632,-0.01679741177776739,-0.08668528684085952,-0.013341149657821627,-0.07332644104813471,-6.0,47335.0,-0.0011148764377123602,-0.1063499851057339,-0.009065062428025406,0.08333333333333337,2.0,0.086481828488569,0.09184841425484824,0.01679741177776739
deepseek,C35,M3-M1,3,0.011656033496087348,0.07265883890128674,0.02941176470588236,0.16666666666666663,-0.0011387038393390059,0.07324997128722188,0.08150748043619094,0.07324997128722188,0.08150748043619094,0.008257509148969056,0.42457089235469614,0.07522631852236994,0.020643508241621228,0.0,47455.0,-0.0023893626342135627,1.4757610074256804,0.035567020364472346,0.08333333333333326,-4.0,0.06812067498637142,-0.005129296300850461,-0.008257509148969056
deepseek,C35,M3-M0,1,0.008538417158110295,0.08800521381703158,0.008403361344537785,-0.08333333333333337,-0.0009780799360733505,0.027811255841668103,0.022767512159239334,0.027811255841668103,0.022767512159239334,-0.00504374368242877,-0.0021544850111617775,0.025718562546621526,-0.03587384780452538,2.0,74850.0,-0.015462707188688717,0.6690283683747915,0.030888830429729563,0.08333333333333326,0.0,0.05810221830727946,0.03029096246561136,0.00504374368242877
deepseek,C35,M3-M0,2,-0.00433271689973426,-0.02175867631690842,0.012605042016806678,0.0,0.05864739421650822,0.05849086747845489,0.04479676334915195,0.05849086747845489,0.04479676334915195,-0.013694104129302942,0.2032151782897006,0.04274397034074251,-0.07550460665746589,-6.0,70469.0,-0.0033737751061330493,1.0730441755302171,0.0027981198248516748,0.16666666666666663,4.0,0.086481828488569,0.027990961010114113,0.013694104129302942
deepseek,C35,M3-M0,3,-0.023776757321506088,-0.2344082262314951,-0.08403361344537819,-0.16666666666666663,0.07018121659279963,0.06786894630205276,0.06305780535236771,0.06786894630205276,0.06305780535236771,-0.004811140949685044,0.4483261534937074,0.059738671676830224,-0.04129222160845972,-2.0,72186.0,0.0066580736962856685,1.3865211613828756,0.03609255564868585,0.08333333333333326,-4.0,0.06812067498637142,0.0002517286843186639,0.004811140949685044
deepseek,C39,M1-M0,1,-0.03672262255621814,-0.25875656538864056,-0.10084033613445376,-0.16666666666666663,0.017507207085025733,-0.06352402192221707,-0.08342371821915928,-0.06352402192221707,-0.08342371821915928,-0.019899696296942215,-0.39881353460687446,0.011881470607220668,-0.07591594986661887,2.0,23964.0,0.0014914043465512616,-1.1813872313013936,-0.048246271249677286,0.0,-3.0,-0.047635296260357674,0.015888725661859393,0.019899696296942215
deepseek,C39,M1-M0,2,-0.026499004463789035,-0.16255886430786443,-0.054621848739495715,0.0,-0.007146467326955341,-0.05860758657566656,-0.06787990605862415,-0.05860758657566656,-0.06787990605862415,-0.009272319482957592,-0.37750827780751584,-0.0244473174336598,-0.025362660706265888,2.0,24454.0,0.0012446054606658485,-1.0944276982795857,-0.043434346449016004,-0.16666666666666663,0.0,-0.048890120791509006,0.009717465784157553,0.009272319482957592
deepseek,C39,M1-M0,3,-0.028333030747378238,-0.1845709051984779,-0.054621848739495826,-0.08333333333333337,0.036196785338898585,-0.05035935499792399,-0.06931801491824552,-0.05035935499792399,-0.06931801491824552,-0.01895865992032153,-0.3744337403388852,0.008326040544090807,-0.07323620197120001,3.0,24489.0,-0.0010882489849926014,-0.9830614062154662,-0.04503832655264328,-0.33333333333333337,0.0,-0.06949827643535522,-0.019138921437431233,0.01895865992032153
deepseek,C39,M2-M1,1,-0.010570874518425958,-0.05648461630597028,-0.046218487394957986,0.0,5.189483865741806e-05,-0.029908544502607826,-0.03484814723890861,-0.029908544502607826,-0.03484814723890861,-0.0049396027363007855,-0.3236423290102861,-0.0019044706536497369,-0.015049125619720438,-2.0,24540.0,-0.003530364155895749,-0.7180556323918731,-0.010450067842881272,-0.25,6.0,-0.0775438407629655,-0.047635296260357674,0.0049396027363007855
deepseek,C39,M2-M1,2,-0.0062147121931214674,-0.0370018447144627,0.0,-0.08333333333333337,0.025168818753117383,0.061872932971989925,0.06620725805981176,0.061872932971989925,0.06620725805981176,0.004334325087821833,0.29712603201388643,0.051380489406641305,0.004330803395284716,-3.0,22654.0,-0.005084888215761266,1.0822382783145046,0.0436759249847144,0.08333333333333337,-3.0,0.012982812180480918,-0.048890120791509006,-0.004334325087821833
deepseek,C39,M2-M1,3,0.0020848138827538453,0.008268643797814945,-0.05042016806722688,0.08333333333333337,-0.01431763575686229,-0.015217983058217643,-0.009672914062256122,-0.015217983058217643,-0.009672914062256122,0.005545068995961522,-0.11200266909419498,0.0005331415773467407,0.031359931998034024,-4.0,24456.0,-0.001162570635216395,-0.32773839662733417,-0.012978175365967348,0.16666666666666669,-3.0,-0.08471625949357287,-0.06949827643535522,-0.005545068995961522
deepseek,C39,M3-M2,1,0.0013352604013716247,0.011982405454760564,0.029411764705882304,0.0,-0.029919093951652154,0.006203154954659729,0.013534386061067827,0.006203154954659729,0.013534386061067827,0.007331231106408098,0.06552405855730736,0.007624360449332013,0.02934471324320878,0.0,25908.0,-0.0016972719084475119,0.09516163255166621,-0.0017217657565522515,0.08333333333333331,-3.0,-0.07134068580830577,-0.0775438407629655,-0.007331231106408098
deepseek,C39,M3-M2,2,0.01908722487277964,0.10929732696256374,0.01680672268907557,0.0,-0.008443712311112295,-0.06119874568678785,-0.0607905842703349,-0.06119874568678785,-0.0607905842703349,0.0004081614164529457,-0.24542463129883918,-0.033157816110676586,0.015702776920376083,2.0,26552.0,0.009102114208774478,-0.9904636151323272,-0.023389516681251443,-0.25000000000000006,8.0,-0.04821593350630693,0.012982812180480918,-0.0004081614164529457
deepseek,C39,M3-M2,3,0.014747398352287559,0.09368945726773895,0.09243697478991592,0.08333333333333326,0.020887846376448138,0.05247912979089653,0.0536348599755917,0.05247912979089653,0.0536348599755917,0.0011557301846951695,0.32556052173737604,-0.015123633405072057,-0.008198328096244323,3.0,27976.0,-0.0016507357518995222,0.9847904015390366,0.034194820281359894,0.0,3.0,-0.03223712970267634,-0.08471625949357287,-0.0011557301846951695
deepseek,C39,M3-M1,1,-0.009235614117054333,-0.044502210851209714,-0.01680672268907568,0.0,-0.029867199112994736,-0.023705389547948097,-0.021313761177840784,-0.023705389547948097,-0.021313761177840784,0.0023916283701073127,-0.25811827045297875,0.005719889795682276,0.014295587623488343,-2.0,50448.0,-0.005227636064343261,-0.6228939998402069,-0.012171833599433524,-0.16666666666666669,3.0,-0.07134068580830577,-0.047635296260357674,-0.0023916283701073127
deepseek,C39,M3-M1,2,0.012872512679658173,0.07229548224810103,0.01680672268907557,-0.08333333333333337,0.01672510644200509,0.0006741872852020769,0.005416673789476856,0.0006741872852020769,0.005416673789476856,0.004742486504274779,0.05170140071504725,0.01822267329596472,0.0200335803156608,-1.0,49206.0,0.004017225993013213,0.09177466318217742,0.020286408303462955,-0.16666666666666669,5.0,-0.04821593350630693,-0.048890120791509006,-0.004742486504274779
deepseek,C39,M3-M1,3,0.016832212235041402,0.10195810106555389,0.04201680672268904,0.16666666666666663,0.006570210619585848,0.037261146732678885,0.043961945913335576,0.037261146732678885,0.043961945913335576,0.006700799180656691,0.21355785264318106,-0.014590491827725316,0.0231616039017897,-1.0,52432.0,-0.0028133063871159172,0.6570520049117025,0.021216644915392546,0.16666666666666669,0.0,-0.03223712970267634,-0.06949827643535522,-0.006700799180656691
deepseek,C39,M3-M0,1,-0.04595823667327247,-0.30325877623985026,-0.11764705882352944,-0.16666666666666663,-0.012359992027969002,-0.08722941147016516,-0.10473747939700007,-0.08722941147016516,-0.10473747939700007,-0.017508067926834903,-0.6569318050598532,0.017601360402902944,-0.06162036224313053,0.0,74412.0,-0.003736231717791999,-1.8042812311416005,-0.06041810484911081,-0.16666666666666669,0.0,-0.07134068580830577,0.015888725661859393,0.017508067926834903
deepseek,C39,M3-M0,2,-0.013626491784130862,-0.09026338205976339,-0.037815126050420145,-0.08333333333333337,0.009578639115049747,-0.05793339929046448,-0.062463232269147295,-0.05793339929046448,-0.062463232269147295,-0.004529832978682813,-0.3258068770924686,-0.006224644137695079,-0.00532908039060509,1.0,73660.0,0.005261831453679061,-1.0026530350974083,-0.02314793814555305,-0.3333333333333333,5.0,-0.04821593350630693,0.009717465784157553,0.004529832978682813
deepseek,C39,M3-M0,3,-0.011500818512336832,-0.08261280413292402,-0.012605042016806789,0.08333333333333326,0.04276699595848443,-0.013098208265245104,-0.025356069004909942,-0.013098208265245104,-0.025356069004909942,-0.012257860739664839,-0.16087588769570416,-0.006264451283634509,-0.05007459806941031,2.0,76921.0,-0.0039015553721085186,-0.32600940130376377,-0.023821681637250736,-0.16666666666666669,0.0,-0.03223712970267634,-0.019138921437431233,0.012257860739664839
